pass,fail,crash,total,timestamp
49,0,0,49,2026-03-27 09:24:09
49,0,0,49,2026-03-27 09:25:09
pass,fail,crash,total,timestamp
49,0,0,49,2026-03-27 09:25:59
49,0,0,49,2026-03-27 09:26:59
49,0,0,49,2026-03-27 09:28:00
49,0,0,49,2026-03-27 09:29:00
49,0,0,49,2026-03-27 09:30:00
49,0,0,49,2026-03-27 09:31:01
49,0,0,49,2026-03-27 09:32:01
49,0,0,49,2026-03-27 09:33:02
49,0,0,49,2026-03-27 09:34:02
49,0,0,49,2026-03-27 09:35:02
49,0,0,49,2026-03-27 09:36:03
49,0,0,49,2026-03-27 09:37:03
49,0,0,49,2026-03-27 09:38:04
49,0,0,49,2026-03-27 09:39:04
49,0,0,49,2026-03-27 09:40:05
49,0,0,49,2026-03-27 09:41:05
49,0,0,49,2026-03-27 09:42:06
49,0,0,49,2026-03-27 09:43:06
49,0,0,49,2026-03-27 09:44:07
49,0,0,49,2026-03-27 09:45:08
46,3,0,49,2026-03-27 09:46:08
49,0,0,49,2026-03-27 09:47:08
49,0,0,49,2026-03-27 09:48:09
49,0,0,49,2026-03-27 09:49:09
49,0,0,49,2026-03-27 09:50:09
49,0,0,49,2026-03-27 09:51:10
49,0,0,49,2026-03-27 09:52:11
49,0,0,49,2026-03-27 09:53:11
49,0,0,49,2026-03-27 09:54:12
49,0,0,49,2026-03-27 09:55:13
49,0,0,49,2026-03-27 09:56:13
49,0,0,49,2026-03-27 09:57:14
49,0,0,49,2026-03-27 09:58:15
49,0,0,49,2026-03-27 09:59:15
49,0,0,49,2026-03-27 10:00:16
49,0,0,49,2026-03-27 10:01:17
49,0,0,49,2026-03-27 10:02:17
49,0,0,49,2026-03-27 10:03:18
49,0,0,49,2026-03-27 10:04:18
49,0,0,49,2026-03-27 10:05:18
49,0,0,49,2026-03-27 10:06:19
49,0,0,49,2026-03-27 10:07:19
49,0,0,49,2026-03-27 10:08:20
49,0,0,49,2026-03-27 10:09:20
49,0,0,49,2026-03-27 10:10:20
49,0,0,49,2026-03-27 10:11:21
49,0,0,49,2026-03-27 10:12:21
49,0,0,49,2026-03-27 10:13:22
49,0,0,49,2026-03-27 10:14:22
48,1,0,49,2026-03-27 10:15:23
49,0,0,49,2026-03-27 10:16:23
49,0,0,49,2026-03-27 10:17:23
49,0,0,49,2026-03-27 10:18:24
49,0,0,49,2026-03-27 10:19:24
49,0,0,49,2026-03-27 10:20:25
49,0,0,49,2026-03-27 10:21:25
49,0,0,49,2026-03-27 10:22:25
49,0,0,49,2026-03-27 10:23:26
49,0,0,49,2026-03-27 10:24:26
49,0,0,49,2026-03-27 10:25:27
49,0,0,49,2026-03-27 10:26:27
49,0,0,49,2026-03-27 10:27:27
49,0,0,49,2026-03-27 10:28:28
49,0,0,49,2026-03-27 10:29:28
49,0,0,49,2026-03-27 10:30:29
49,0,0,49,2026-03-27 10:31:29
49,0,0,49,2026-03-27 10:32:30
49,0,0,49,2026-03-27 10:33:30
49,0,0,49,2026-03-27 10:34:31
49,0,0,49,2026-03-27 10:35:31
49,0,0,49,2026-03-27 10:36:32
49,0,0,49,2026-03-27 10:37:32
49,0,0,49,2026-03-27 10:38:33
49,0,0,49,2026-03-27 10:39:33
49,0,0,49,2026-03-27 10:40:34
49,0,0,49,2026-03-27 10:41:35
49,0,0,49,2026-03-27 10:42:35
49,0,0,49,2026-03-27 10:43:36
49,0,0,49,2026-03-27 10:44:36
49,0,0,49,2026-03-27 10:45:36
49,0,0,49,2026-03-27 10:46:37
49,0,0,49,2026-03-27 10:47:37
49,0,0,49,2026-03-27 10:48:38
49,0,0,49,2026-03-27 10:49:38
49,0,0,49,2026-03-27 10:50:38
49,0,0,49,2026-03-27 10:51:39
49,0,0,49,2026-03-27 10:52:39
49,0,0,49,2026-03-27 10:53:40
49,0,0,49,2026-03-27 10:54:40
49,0,0,49,2026-03-27 10:55:40
49,0,0,49,2026-03-27 10:56:41
49,0,0,49,2026-03-27 10:57:41
49,0,0,49,2026-03-27 10:58:41
49,0,0,49,2026-03-27 10:59:42
49,0,0,49,2026-03-27 11:00:42
49,0,0,49,2026-03-27 11:01:42
49,0,0,49,2026-03-27 11:02:43
49,0,0,49,2026-03-27 11:03:43
49,0,0,49,2026-03-27 11:04:44
49,0,0,49,2026-03-27 11:05:44
49,0,0,49,2026-03-27 11:06:44
49,0,0,49,2026-03-27 11:07:45
49,0,0,49,2026-03-27 11:08:45
49,0,0,49,2026-03-27 11:09:45
49,0,0,49,2026-03-27 11:10:46
49,0,0,49,2026-03-27 11:11:46
49,0,0,49,2026-03-27 11:12:46
49,0,0,49,2026-03-27 11:13:47
49,0,0,49,2026-03-27 11:14:47
49,0,0,49,2026-03-27 11:15:48
49,0,0,49,2026-03-27 11:16:48
49,0,0,49,2026-03-27 11:17:48
49,0,0,49,2026-03-27 11:18:49
49,0,0,49,2026-03-27 11:19:49
49,0,0,49,2026-03-27 11:20:49
49,0,0,49,2026-03-27 11:21:50
49,0,0,49,2026-03-27 11:22:50
49,0,0,49,2026-03-27 11:23:51
49,0,0,49,2026-03-27 11:24:51
49,0,0,49,2026-03-27 11:25:52
49,0,0,49,2026-03-27 11:26:52
49,0,0,49,2026-03-27 11:31:54
49,0,0,49,2026-03-27 11:32:55
49,0,0,49,2026-03-27 11:33:55
49,0,0,49,2026-03-27 11:34:55
49,0,0,49,2026-03-27 11:35:56
49,0,0,49,2026-03-27 11:36:56
49,0,0,49,2026-03-27 11:37:57
49,0,0,49,2026-03-27 11:38:57
49,0,0,49,2026-03-27 11:39:57
49,0,0,49,2026-03-27 11:40:58
49,0,0,49,2026-03-27 11:41:58
49,0,0,49,2026-03-27 11:42:59
49,0,0,49,2026-03-27 11:43:59
49,0,0,49,2026-03-27 11:44:59
49,0,0,49,2026-03-27 11:46:00
49,0,0,49,2026-03-27 11:47:00
49,0,0,49,2026-03-27 11:48:01
49,0,0,49,2026-03-27 11:49:01
49,0,0,49,2026-03-27 11:50:01
49,0,0,49,2026-03-27 11:51:02
49,0,0,49,2026-03-27 11:52:02
49,0,0,49,2026-03-27 11:53:02
49,0,0,49,2026-03-27 11:54:03
49,0,0,49,2026-03-27 11:55:03
49,0,0,49,2026-03-27 11:56:04
49,0,0,49,2026-03-27 11:57:04
49,0,0,49,2026-03-27 11:58:04
49,0,0,49,2026-03-27 11:59:05
49,0,0,49,2026-03-27 12:00:05
49,0,0,49,2026-03-27 12:01:06
49,0,0,49,2026-03-27 12:02:06
49,0,0,49,2026-03-27 12:03:07
49,0,0,49,2026-03-27 12:04:07
49,0,0,49,2026-03-27 12:05:08
49,0,0,49,2026-03-27 12:06:08
49,0,0,49,2026-03-27 12:07:08
49,0,0,49,2026-03-27 12:08:09
49,0,0,49,2026-03-27 12:09:10
49,0,0,49,2026-03-27 12:10:10
49,0,0,49,2026-03-27 12:11:10
49,0,0,49,2026-03-27 12:12:11
49,0,0,49,2026-03-27 12:13:11
49,0,0,49,2026-03-27 12:14:12
49,0,0,49,2026-03-27 12:15:13
49,0,0,49,2026-03-27 12:16:15
49,0,0,49,2026-03-27 12:17:15
49,0,0,49,2026-03-27 12:18:16
49,0,0,49,2026-03-27 12:19:17
49,0,0,49,2026-03-27 12:20:17
49,0,0,49,2026-03-27 12:21:18
49,0,0,49,2026-03-27 12:22:19
49,0,0,49,2026-03-27 12:23:19
49,0,0,49,2026-03-27 12:24:20
49,0,0,49,2026-03-27 12:25:20
49,0,0,49,2026-03-27 12:26:21
49,0,0,49,2026-03-27 12:27:21
49,0,0,49,2026-03-27 12:28:22
12,37,0,49,2026-03-27 12:29:23
10,39,0,49,2026-03-27 12:30:24
49,0,0,49,2026-03-27 12:31:24
49,0,0,49,2026-03-27 12:32:25
49,0,0,49,2026-03-27 12:33:26
49,0,0,49,2026-03-27 12:34:26
49,0,0,49,2026-03-27 12:35:26
49,0,0,49,2026-03-27 12:36:27
49,0,0,49,2026-03-27 12:37:27
49,0,0,49,2026-03-27 12:38:28
49,0,0,49,2026-03-27 12:39:28
49,0,0,49,2026-03-27 12:40:28
49,0,0,49,2026-03-27 12:41:29
49,0,0,49,2026-03-27 12:42:30
49,0,0,49,2026-03-27 12:43:30
10,39,0,49,2026-03-27 12:44:30
11,38,0,49,2026-03-27 12:45:31
11,38,0,49,2026-03-27 12:46:32
49,0,0,49,2026-03-27 12:47:32
49,0,0,49,2026-03-27 12:48:33
49,0,0,49,2026-03-27 12:49:33
49,0,0,49,2026-03-27 12:50:33
49,0,0,49,2026-03-27 12:51:34
49,0,0,49,2026-03-27 12:52:34
49,0,0,49,2026-03-27 12:53:35
49,0,0,49,2026-03-27 12:54:35
49,0,0,49,2026-03-27 12:55:35
49,0,0,49,2026-03-27 12:56:36
49,0,0,49,2026-03-27 12:57:36
49,0,0,49,2026-03-27 12:58:37
49,0,0,49,2026-03-27 12:59:37
49,0,0,49,2026-03-27 13:00:37
49,0,0,49,2026-03-27 13:01:38
49,0,0,49,2026-03-27 13:02:38
49,0,0,49,2026-03-27 13:03:39
49,0,0,49,2026-03-27 13:04:39
49,0,0,49,2026-03-27 13:05:39
12,37,0,49,2026-03-27 13:06:40
8,41,0,49,2026-03-27 13:07:40
