001	af:wêreld	af-NA:wêreld	ak:wiase	am:ዓለም	ar:العالم	ar-AE:العالم	ar-BH:العالم	ar-DJ:العالم	ar-DZ:العالم	ar-EG:العالم	ar-EH:العالم	ar-ER:العالم	ar-IL:العالم	ar-IQ:العالم	ar-JO:العالم	ar-KM:العالم	ar-KW:العالم	ar-LB:العالم	ar-LY:العالم	ar-MA:العالم
002	af:Afrika	af-NA:Afrika	ak:Abibirem	am:አፍሪካ	ar:أفريقيا	ar-AE:أفريقيا	ar-BH:أفريقيا	ar-DJ:أفريقيا	ar-DZ:أفريقيا	ar-EG:أفريقيا	ar-EH:أفريقيا	ar-ER:أفريقيا	ar-IL:أفريقيا	ar-IQ:أفريقيا	ar-JO:أفريقيا	ar-KM:أفريقيا	ar-KW:أفريقيا	ar-LB:أفريقيا	ar-LY:أفريقيا	ar-MA:أفريقيا
003	af:Noord-Amerika	af-NA:Noord-Amerika	ak:Amɛrika Atifi	am:ሰሜን አሜሪካ	ar:أمريكا الشمالية	ar-AE:أمريكا الشمالية	ar-BH:أمريكا الشمالية	ar-DJ:أمريكا الشمالية	ar-DZ:أمريكا الشمالية	ar-EG:أمريكا الشمالية	ar-EH:أمريكا الشمالية	ar-ER:أمريكا الشمالية	ar-IL:أمريكا الشمالية	ar-IQ:أمريكا الشمالية	ar-JO:أمريكا الشمالية	ar-KM:أمريكا الشمالية	ar-KW:أمريكا الشمالية	ar-LB:أمريكا الشمالية	ar-LY:أمريكا الشمالية	ar-MA:أمريكا الشمالية
005	af:Suid-Amerika	af-NA:Suid-Amerika	ak:Amɛrika Anaafoɔ	am:ደቡብ አሜሪካ	ar:أمريكا الجنوبية	ar-AE:أمريكا الجنوبية	ar-BH:أمريكا الجنوبية	ar-DJ:أمريكا الجنوبية	ar-DZ:أمريكا الجنوبية	ar-EG:أمريكا الجنوبية	ar-EH:أمريكا الجنوبية	ar-ER:أمريكا الجنوبية	ar-IL:أمريكا الجنوبية	ar-IQ:أمريكا الجنوبية	ar-JO:أمريكا الجنوبية	ar-KM:أمريكا الجنوبية	ar-KW:أمريكا الجنوبية	ar-LB:أمريكا الجنوبية	ar-LY:أمريكا الجنوبية	ar-MA:أمريكا الجنوبية
009	af:Oseanië	af-NA:Oseanië	ak:Osiana	am:ኦሺያንያ	ar:أوقيانوسيا	ar-AE:أوقيانوسيا	ar-BH:أوقيانوسيا	ar-DJ:أوقيانوسيا	ar-DZ:أوقيانوسيا	ar-EG:أوقيانوسيا	ar-EH:أوقيانوسيا	ar-ER:أوقيانوسيا	ar-IL:أوقيانوسيا	ar-IQ:أوقيانوسيا	ar-JO:أوقيانوسيا	ar-KM:أوقيانوسيا	ar-KW:أوقيانوسيا	ar-LB:أوقيانوسيا	ar-LY:أوقيانوسيا	ar-MA:أوقيانوسيا
011	af:Wes-Afrika	af-NA:Wes-Afrika	ak:Abibirem Atɔeɛ Fam	am:ምዕራባዊ አፍሪካ	ar:غرب أفريقيا	ar-AE:غرب أفريقيا	ar-BH:غرب أفريقيا	ar-DJ:غرب أفريقيا	ar-DZ:غرب أفريقيا	ar-EG:غرب أفريقيا	ar-EH:غرب أفريقيا	ar-ER:غرب أفريقيا	ar-IL:غرب أفريقيا	ar-IQ:غرب أفريقيا	ar-JO:غرب أفريقيا	ar-KM:غرب أفريقيا	ar-KW:غرب أفريقيا	ar-LB:غرب أفريقيا	ar-LY:غرب أفريقيا	ar-MA:غرب أفريقيا
013	af:Sentraal-Amerika	af-NA:Sentraal-Amerika	ak:Amɛrika Mfimfini	am:መካከለኛው አሜሪካ	ar:أمريكا الوسطى	ar-AE:أمريكا الوسطى	ar-BH:أمريكا الوسطى	ar-DJ:أمريكا الوسطى	ar-DZ:أمريكا الوسطى	ar-EG:أمريكا الوسطى	ar-EH:أمريكا الوسطى	ar-ER:أمريكا الوسطى	ar-IL:أمريكا الوسطى	ar-IQ:أمريكا الوسطى	ar-JO:أمريكا الوسطى	ar-KM:أمريكا الوسطى	ar-KW:أمريكا الوسطى	ar-LB:أمريكا الوسطى	ar-LY:أمريكا الوسطى	ar-MA:أمريكا الوسطى
014	af:Oos-Afrika	af-NA:Oos-Afrika	ak:Abibirem Apueiɛ Fam	am:ምስራቅ አፍሪካ	ar:شرق أفريقيا	ar-AE:شرق أفريقيا	ar-BH:شرق أفريقيا	ar-DJ:شرق أفريقيا	ar-DZ:شرق أفريقيا	ar-EG:شرق أفريقيا	ar-EH:شرق أفريقيا	ar-ER:شرق أفريقيا	ar-IL:شرق أفريقيا	ar-IQ:شرق أفريقيا	ar-JO:شرق أفريقيا	ar-KM:شرق أفريقيا	ar-KW:شرق أفريقيا	ar-LB:شرق أفريقيا	ar-LY:شرق أفريقيا	ar-MA:شرق أفريقيا
015	af:Noord-Afrika	af-NA:Noord-Afrika	ak:Abibirem Atifi Fam	am:ሰሜናዊ አፍሪካ	ar:شمال أفريقيا	ar-AE:شمال أفريقيا	ar-BH:شمال أفريقيا	ar-DJ:شمال أفريقيا	ar-DZ:شمال أفريقيا	ar-EG:شمال أفريقيا	ar-EH:شمال أفريقيا	ar-ER:شمال أفريقيا	ar-IL:شمال أفريقيا	ar-IQ:شمال أفريقيا	ar-JO:شمال أفريقيا	ar-KM:شمال أفريقيا	ar-KW:شمال أفريقيا	ar-LB:شمال أفريقيا	ar-LY:شمال أفريقيا	ar-MA:شمال أفريقيا
017	af:Midde-Afrika	af-NA:Midde-Afrika	ak:Abibirem Mfimfini	am:መካከለኛው አፍሪካ	ar:وسط أفريقيا	ar-AE:وسط أفريقيا	ar-BH:وسط أفريقيا	ar-DJ:وسط أفريقيا	ar-DZ:وسط أفريقيا	ar-EG:وسط أفريقيا	ar-EH:وسط أفريقيا	ar-ER:وسط أفريقيا	ar-IL:وسط أفريقيا	ar-IQ:وسط أفريقيا	ar-JO:وسط أفريقيا	ar-KM:وسط أفريقيا	ar-KW:وسط أفريقيا	ar-LB:وسط أفريقيا	ar-LY:وسط أفريقيا	ar-MA:وسط أفريقيا
018	af:Suider-Afrika	af-NA:Suider-Afrika	ak:Abibirem Anaafoɔ Fam	am:ደቡባዊ አፍሪካ	ar:أفريقيا الجنوبية	ar-AE:أفريقيا الجنوبية	ar-BH:أفريقيا الجنوبية	ar-DJ:أفريقيا الجنوبية	ar-DZ:أفريقيا الجنوبية	ar-EG:أفريقيا الجنوبية	ar-EH:أفريقيا الجنوبية	ar-ER:أفريقيا الجنوبية	ar-IL:أفريقيا الجنوبية	ar-IQ:أفريقيا الجنوبية	ar-JO:أفريقيا الجنوبية	ar-KM:أفريقيا الجنوبية	ar-KW:أفريقيا الجنوبية	ar-LB:أفريقيا الجنوبية	ar-LY:أفريقيا الجنوبية	ar-MA:أفريقيا الجنوبية
019	af:Amerikas	af-NA:Amerikas	ak:Amɛrikafoɔ	am:አሜሪካ	ar:الأمريكتان	ar-AE:الأمريكتان	ar-BH:الأمريكتان	ar-DJ:الأمريكتان	ar-DZ:الأمريكتان	ar-EG:الأمريكتان	ar-EH:الأمريكتان	ar-ER:الأمريكتان	ar-IL:الأمريكتان	ar-IQ:الأمريكتان	ar-JO:الأمريكتان	ar-KM:الأمريكتان	ar-KW:الأمريكتان	ar-LB:الأمريكتان	ar-LY:الأمريكتان	ar-MA:الأمريكتان
021	af:Noordelike Amerika	af-NA:Noordelike Amerika	ak:Amɛrika Atifi Fam	am:ሰሜናዊ አሜሪካ	ar:شمال أمريكا	ar-AE:شمال أمريكا	ar-BH:شمال أمريكا	ar-DJ:شمال أمريكا	ar-DZ:شمال أمريكا	ar-EG:شمال أمريكا	ar-EH:شمال أمريكا	ar-ER:شمال أمريكا	ar-IL:شمال أمريكا	ar-IQ:شمال أمريكا	ar-JO:شمال أمريكا	ar-KM:شمال أمريكا	ar-KW:شمال أمريكا	ar-LB:شمال أمريكا	ar-LY:شمال أمريكا	ar-MA:شمال أمريكا
029	af:Karibiese streek	af-NA:Karibiese streek	ak:Karibia	am:ካሪቢያን	ar:الكاريبي	ar-AE:الكاريبي	ar-BH:الكاريبي	ar-DJ:الكاريبي	ar-DZ:الكاريبي	ar-EG:الكاريبي	ar-EH:الكاريبي	ar-ER:الكاريبي	ar-IL:الكاريبي	ar-IQ:الكاريبي	ar-JO:الكاريبي	ar-KM:الكاريبي	ar-KW:الكاريبي	ar-LB:الكاريبي	ar-LY:الكاريبي	ar-MA:الكاريبي
030	af:Oos-Asië	af-NA:Oos-Asië	ak:Asia Apueiɛ	am:ምስራቃዊ እስያ	ar:شرق آسيا	ar-AE:شرق آسيا	ar-BH:شرق آسيا	ar-DJ:شرق آسيا	ar-DZ:شرق آسيا	ar-EG:شرق آسيا	ar-EH:شرق آسيا	ar-ER:شرق آسيا	ar-IL:شرق آسيا	ar-IQ:شرق آسيا	ar-JO:شرق آسيا	ar-KM:شرق آسيا	ar-KW:شرق آسيا	ar-LB:شرق آسيا	ar-LY:شرق آسيا	ar-MA:شرق آسيا
034	af:Suid-Asië	af-NA:Suid-Asië	ak:Asia Anaafoɔ	am:ደቡባዊ እስያ	ar:جنوب آسيا	ar-AE:جنوب آسيا	ar-BH:جنوب آسيا	ar-DJ:جنوب آسيا	ar-DZ:جنوب آسيا	ar-EG:جنوب آسيا	ar-EH:جنوب آسيا	ar-ER:جنوب آسيا	ar-IL:جنوب آسيا	ar-IQ:جنوب آسيا	ar-JO:جنوب آسيا	ar-KM:جنوب آسيا	ar-KW:جنوب آسيا	ar-LB:جنوب آسيا	ar-LY:جنوب آسيا	ar-MA:جنوب آسيا
035	af:Suidoos-Asië	af-NA:Suidoos-Asië	ak:Asia Anaafoɔ Apuieɛ	am:ደቡብ ምስራቅ እስያ	ar:جنوب شرق آسيا	ar-AE:جنوب شرق آسيا	ar-BH:جنوب شرق آسيا	ar-DJ:جنوب شرق آسيا	ar-DZ:جنوب شرق آسيا	ar-EG:جنوب شرق آسيا	ar-EH:جنوب شرق آسيا	ar-ER:جنوب شرق آسيا	ar-IL:جنوب شرق آسيا	ar-IQ:جنوب شرق آسيا	ar-JO:جنوب شرق آسيا	ar-KM:جنوب شرق آسيا	ar-KW:جنوب شرق آسيا	ar-LB:جنوب شرق آسيا	ar-LY:جنوب شرق آسيا	ar-MA:جنوب شرق آسيا
039	af:Suid-Europa	af-NA:Suid-Europa	ak:Yuropu Anaafoɔ	am:ደቡባዊ አውሮፓ	ar:جنوب أوروبا	ar-AE:جنوب أوروبا	ar-BH:جنوب أوروبا	ar-DJ:جنوب أوروبا	ar-DZ:جنوب أوروبا	ar-EG:جنوب أوروبا	ar-EH:جنوب أوروبا	ar-ER:جنوب أوروبا	ar-IL:جنوب أوروبا	ar-IQ:جنوب أوروبا	ar-JO:جنوب أوروبا	ar-KM:جنوب أوروبا	ar-KW:جنوب أوروبا	ar-LB:جنوب أوروبا	ar-LY:جنوب أوروبا	ar-MA:جنوب أوروبا
053	af:Australasië	af-NA:Australasië	ak:Ɔstrelia ne Asia	am:አውስትራሌዥያ	ar:أسترالاسيا	ar-AE:أسترالاسيا	ar-BH:أسترالاسيا	ar-DJ:أسترالاسيا	ar-DZ:أسترالاسيا	ar-EG:أسترالاسيا	ar-EH:أسترالاسيا	ar-ER:أسترالاسيا	ar-IL:أسترالاسيا	ar-IQ:أسترالاسيا	ar-JO:أسترالاسيا	ar-KM:أسترالاسيا	ar-KW:أسترالاسيا	ar-LB:أسترالاسيا	ar-LY:أسترالاسيا	ar-MA:أسترالاسيا
054	af:Melanesië	af-NA:Melanesië	ak:Melanesia	am:ሜላኔዥያ	ar:ميلانيزيا	ar-AE:ميلانيزيا	ar-BH:ميلانيزيا	ar-DJ:ميلانيزيا	ar-DZ:ميلانيزيا	ar-EG:ميلانيزيا	ar-EH:ميلانيزيا	ar-ER:ميلانيزيا	ar-IL:ميلانيزيا	ar-IQ:ميلانيزيا	ar-JO:ميلانيزيا	ar-KM:ميلانيزيا	ar-KW:ميلانيزيا	ar-LB:ميلانيزيا	ar-LY:ميلانيزيا	ar-MA:ميلانيزيا
057	af:Mikronesiese streek	af-NA:Mikronesiese streek	ak:Micronesia Mantam	am:የማይክሮኔዥያን ክልል	ar:الجزر الميكرونيزية	ar-AE:الجزر الميكرونيزية	ar-BH:الجزر الميكرونيزية	ar-DJ:الجزر الميكرونيزية	ar-DZ:الجزر الميكرونيزية	ar-EG:الجزر الميكرونيزية	ar-EH:الجزر الميكرونيزية	ar-ER:الجزر الميكرونيزية	ar-IL:الجزر الميكرونيزية	ar-IQ:الجزر الميكرونيزية	ar-JO:الجزر الميكرونيزية	ar-KM:الجزر الميكرونيزية	ar-KW:الجزر الميكرونيزية	ar-LB:الجزر الميكرونيزية	ar-LY:الجزر الميكرونيزية	ar-MA:الجزر الميكرونيزية
061	af:Polinesië	af-NA:Polinesië	ak:Pɔlenesia	am:ፖሊኔዥያ	ar:بولينيزيا	ar-AE:بولينيزيا	ar-BH:بولينيزيا	ar-DJ:بولينيزيا	ar-DZ:بولينيزيا	ar-EG:بولينيزيا	ar-EH:بولينيزيا	ar-ER:بولينيزيا	ar-IL:بولينيزيا	ar-IQ:بولينيزيا	ar-JO:بولينيزيا	ar-KM:بولينيزيا	ar-KW:بولينيزيا	ar-LB:بولينيزيا	ar-LY:بولينيزيا	ar-MA:بولينيزيا
142	af:Asië	af-NA:Asië	ak:Asia	am:እስያ	ar:آسيا	ar-AE:آسيا	ar-BH:آسيا	ar-DJ:آسيا	ar-DZ:آسيا	ar-EG:آسيا	ar-EH:آسيا	ar-ER:آسيا	ar-IL:آسيا	ar-IQ:آسيا	ar-JO:آسيا	ar-KM:آسيا	ar-KW:آسيا	ar-LB:آسيا	ar-LY:آسيا	ar-MA:آسيا
143	af:Sentraal-Asië	af-NA:Sentraal-Asië	ak:Asia Mfimfini	am:መካከለኛው እስያ	ar:وسط آسيا	ar-AE:وسط آسيا	ar-BH:وسط آسيا	ar-DJ:وسط آسيا	ar-DZ:وسط آسيا	ar-EG:وسط آسيا	ar-EH:وسط آسيا	ar-ER:وسط آسيا	ar-IL:وسط آسيا	ar-IQ:وسط آسيا	ar-JO:وسط آسيا	ar-KM:وسط آسيا	ar-KW:وسط آسيا	ar-LB:وسط آسيا	ar-LY:وسط آسيا	ar-MA:وسط آسيا
145	af:Wes-Asië	af-NA:Wes-Asië	ak:Asia Atɔeɛ	am:ምዕራባዊ እስያ	ar:غرب آسيا	ar-AE:غرب آسيا	ar-BH:غرب آسيا	ar-DJ:غرب آسيا	ar-DZ:غرب آسيا	ar-EG:غرب آسيا	ar-EH:غرب آسيا	ar-ER:غرب آسيا	ar-IL:غرب آسيا	ar-IQ:غرب آسيا	ar-JO:غرب آسيا	ar-KM:غرب آسيا	ar-KW:غرب آسيا	ar-LB:غرب آسيا	ar-LY:غرب آسيا	ar-MA:غرب آسيا
150	af:Europa	af-NA:Europa	ak:Yuropu	am:አውሮፓ	ar:أوروبا	ar-AE:أوروبا	ar-BH:أوروبا	ar-DJ:أوروبا	ar-DZ:أوروبا	ar-EG:أوروبا	ar-EH:أوروبا	ar-ER:أوروبا	ar-IL:أوروبا	ar-IQ:أوروبا	ar-JO:أوروبا	ar-KM:أوروبا	ar-KW:أوروبا	ar-LB:أوروبا	ar-LY:أوروبا	ar-MA:أوروبا
151	af:Oos-Europa	af-NA:Oos-Europa	ak:Yuropu Apuieɛ	am:ምስራቅ አውሮፓ	ar:شرق أوروبا	ar-AE:شرق أوروبا	ar-BH:شرق أوروبا	ar-DJ:شرق أوروبا	ar-DZ:شرق أوروبا	ar-EG:شرق أوروبا	ar-EH:شرق أوروبا	ar-ER:شرق أوروبا	ar-IL:شرق أوروبا	ar-IQ:شرق أوروبا	ar-JO:شرق أوروبا	ar-KM:شرق أوروبا	ar-KW:شرق أوروبا	ar-LB:شرق أوروبا	ar-LY:شرق أوروبا	ar-MA:شرق أوروبا
154	af:Noord-Europa	af-NA:Noord-Europa	ak:Yuropu Atifi	am:ሰሜናዊ አውሮፓ	ar:شمال أوروبا	ar-AE:شمال أوروبا	ar-BH:شمال أوروبا	ar-DJ:شمال أوروبا	ar-DZ:شمال أوروبا	ar-EG:شمال أوروبا	ar-EH:شمال أوروبا	ar-ER:شمال أوروبا	ar-IL:شمال أوروبا	ar-IQ:شمال أوروبا	ar-JO:شمال أوروبا	ar-KM:شمال أوروبا	ar-KW:شمال أوروبا	ar-LB:شمال أوروبا	ar-LY:شمال أوروبا	ar-MA:شمال أوروبا
155	af:Wes-Europa	af-NA:Wes-Europa	ak:Yuropu Atɔeɛ	am:ምዕራብ አውሮፓ	ar:غرب أوروبا	ar-AE:غرب أوروبا	ar-BH:غرب أوروبا	ar-DJ:غرب أوروبا	ar-DZ:غرب أوروبا	ar-EG:غرب أوروبا	ar-EH:غرب أوروبا	ar-ER:غرب أوروبا	ar-IL:غرب أوروبا	ar-IQ:غرب أوروبا	ar-JO:غرب أوروبا	ar-KM:غرب أوروبا	ar-KW:غرب أوروبا	ar-LB:غرب أوروبا	ar-LY:غرب أوروبا	ar-MA:غرب أوروبا
202	af:Afrika suid van die Sahara	af-NA:Afrika suid van die Sahara	ak:Abibirem Mpaprɛ Anaafoɔ	am:ከሰሃራ በታች አፍሪካ	ar:أفريقيا جنوب الصحراء الكبرى	ar-AE:أفريقيا جنوب الصحراء الكبرى	ar-BH:أفريقيا جنوب الصحراء الكبرى	ar-DJ:أفريقيا جنوب الصحراء الكبرى	ar-DZ:أفريقيا جنوب الصحراء الكبرى	ar-EG:أفريقيا جنوب الصحراء الكبرى	ar-EH:أفريقيا جنوب الصحراء الكبرى	ar-ER:أفريقيا جنوب الصحراء الكبرى	ar-IL:أفريقيا جنوب الصحراء الكبرى	ar-IQ:أفريقيا جنوب الصحراء الكبرى	ar-JO:أفريقيا جنوب الصحراء الكبرى	ar-KM:أفريقيا جنوب الصحراء الكبرى	ar-KW:أفريقيا جنوب الصحراء الكبرى	ar-LB:أفريقيا جنوب الصحراء الكبرى	ar-LY:أفريقيا جنوب الصحراء الكبرى	ar-MA:أفريقيا جنوب الصحراء الكبرى
419	af:Latyns-Amerika	af-NA:Latyns-Amerika	ak:Laaten Amɛrika	am:ላቲን አሜሪካ	ar:أمريكا اللاتينية	ar-AE:أمريكا اللاتينية	ar-BH:أمريكا اللاتينية	ar-DJ:أمريكا اللاتينية	ar-DZ:أمريكا اللاتينية	ar-EG:أمريكا اللاتينية	ar-EH:أمريكا اللاتينية	ar-ER:أمريكا اللاتينية	ar-IL:أمريكا اللاتينية	ar-IQ:أمريكا اللاتينية	ar-JO:أمريكا اللاتينية	ar-KM:أمريكا اللاتينية	ar-KW:أمريكا اللاتينية	ar-LB:أمريكا اللاتينية	ar-LY:أمريكا اللاتينية	ar-MA:أمريكا اللاتينية
AC	af:Ascensioneiland	af-NA:Ascensioneiland	ak:Asɛnhyin	am:አሴንሽን ደሴት	ar:جزيرة أسينشيون	ar-AE:جزيرة أسينشيون	ar-BH:جزيرة أسينشيون	ar-DJ:جزيرة أسينشيون	ar-DZ:جزيرة أسينشيون	ar-EG:جزيرة أسينشيون	ar-EH:جزيرة أسينشيون	ar-ER:جزيرة أسينشيون	ar-IL:جزيرة أسينشيون	ar-IQ:جزيرة أسينشيون	ar-JO:جزيرة أسينشيون	ar-KM:جزيرة أسينشيون	ar-KW:جزيرة أسينشيون	ar-LB:جزيرة أسينشيون	ar-LY:جزيرة أسينشيون	ar-MA:جزيرة أسينشيون
AD	af:Andorra	af-NA:Andorra	agq:Àndolà	ak:Andora	am:አንዶራ	ar:أندورا	ar-AE:أندورا	ar-BH:أندورا	ar-DJ:أندورا	ar-DZ:أندورا	ar-EG:أندورا	ar-EH:أندورا	ar-ER:أندورا	ar-IL:أندورا	ar-IQ:أندورا	ar-JO:أندورا	ar-KM:أندورا	ar-KW:أندورا	ar-LB:أندورا	ar-LY:أندورا
AE	af:Verenigde Arabiese Emirate	af-NA:Verenigde Arabiese Emirate	agq:Yùnaetɛ Alab ɛmelɛ̀	ak:United Arab Emirates	am:የተባበሩት ዓረብ ኤምሬትስ	ar:الإمارات العربية المتحدة	ar-AE:الإمارات العربية المتحدة	ar-BH:الإمارات العربية المتحدة	ar-DJ:الإمارات العربية المتحدة	ar-DZ:الإمارات العربية المتحدة	ar-EG:الإمارات العربية المتحدة	ar-EH:الإمارات العربية المتحدة	ar-ER:الإمارات العربية المتحدة	ar-IL:الإمارات العربية المتحدة	ar-IQ:الإمارات العربية المتحدة	ar-JO:الإمارات العربية المتحدة	ar-KM:الإمارات العربية المتحدة	ar-KW:الإمارات العربية المتحدة	ar-LB:الإمارات العربية المتحدة	ar-LY:الإمارات العربية المتحدة
AF	af:Afganistan	af-NA:Afganistan	agq:Àfɨ̀ganìsɨ̀tân	ak:Afganistan	am:አፍጋኒስታን	ar:أفغانستان	ar-AE:أفغانستان	ar-BH:أفغانستان	ar-DJ:أفغانستان	ar-DZ:أفغانستان	ar-EG:أفغانستان	ar-EH:أفغانستان	ar-ER:أفغانستان	ar-IL:أفغانستان	ar-IQ:أفغانستان	ar-JO:أفغانستان	ar-KM:أفغانستان	ar-KW:أفغانستان	ar-LB:أفغانستان	ar-LY:أفغانستان
AG	af:Antigua en Barbuda	af-NA:Antigua en Barbuda	agq:Àntigwà à Bàbudà	ak:Antigua ne Baabuda	am:አንቲጓ እና ባርቡዳ	ar:أنتيغوا وبربودا	ar-AE:أنتيغوا وبربودا	ar-BH:أنتيغوا وبربودا	ar-DJ:أنتيغوا وبربودا	ar-DZ:أنتيغوا وبربودا	ar-EG:أنتيغوا وبربودا	ar-EH:أنتيغوا وبربودا	ar-ER:أنتيغوا وبربودا	ar-IL:أنتيغوا وبربودا	ar-IQ:أنتيغوا وبربودا	ar-JO:أنتيغوا وبربودا	ar-KM:أنتيغوا وبربودا	ar-KW:أنتيغوا وبربودا	ar-LB:أنتيغوا وبربودا	ar-LY:أنتيغوا وبربودا
AI	af:Anguilla	af-NA:Anguilla	agq:Àŋgwilà	ak:Anguila	am:አንጉይላ	ar:أنغويلا	ar-AE:أنغويلا	ar-BH:أنغويلا	ar-DJ:أنغويلا	ar-DZ:أنغويلا	ar-EG:أنغويلا	ar-EH:أنغويلا	ar-ER:أنغويلا	ar-IL:أنغويلا	ar-IQ:أنغويلا	ar-JO:أنغويلا	ar-KM:أنغويلا	ar-KW:أنغويلا	ar-LB:أنغويلا	ar-LY:أنغويلا
AL	af:Albanië	af-NA:Albanië	agq:Àabɛnìa	ak:Albenia	am:አልባኒያ	ar:ألبانيا	ar-AE:ألبانيا	ar-BH:ألبانيا	ar-DJ:ألبانيا	ar-DZ:ألبانيا	ar-EG:ألبانيا	ar-EH:ألبانيا	ar-ER:ألبانيا	ar-IL:ألبانيا	ar-IQ:ألبانيا	ar-JO:ألبانيا	ar-KM:ألبانيا	ar-KW:ألبانيا	ar-LB:ألبانيا	ar-LY:ألبانيا
AM	af:Armenië	af-NA:Armenië	agq:Àmɛnyìa	ak:Aamenia	am:አርሜኒያ	ar:أرمينيا	ar-AE:أرمينيا	ar-BH:أرمينيا	ar-DJ:أرمينيا	ar-DZ:أرمينيا	ar-EG:أرمينيا	ar-EH:أرمينيا	ar-ER:أرمينيا	ar-IL:أرمينيا	ar-IQ:أرمينيا	ar-JO:أرمينيا	ar-KM:أرمينيا	ar-KW:أرمينيا	ar-LB:أرمينيا	ar-LY:أرمينيا
AO	af:Angola	af-NA:Angola	agq:Àŋgolà	ak:Angola	am:አንጐላ	ar:أنغولا	ar-AE:أنغولا	ar-BH:أنغولا	ar-DJ:أنغولا	ar-DZ:أنغولا	ar-EG:أنغولا	ar-EH:أنغولا	ar-ER:أنغولا	ar-IL:أنغولا	ar-IQ:أنغولا	ar-JO:أنغولا	ar-KM:أنغولا	ar-KW:أنغولا	ar-LB:أنغولا	ar-LY:أنغولا
AQ	af:Antarktika	af-NA:Antarktika	ak:Antaatika	am:አንታርክቲካ	ar:أنتاركتيكا	ar-AE:أنتاركتيكا	ar-BH:أنتاركتيكا	ar-DJ:أنتاركتيكا	ar-DZ:أنتاركتيكا	ar-EG:أنتاركتيكا	ar-EH:أنتاركتيكا	ar-ER:أنتاركتيكا	ar-IL:أنتاركتيكا	ar-IQ:أنتاركتيكا	ar-JO:أنتاركتيكا	ar-KM:أنتاركتيكا	ar-KW:أنتاركتيكا	ar-LB:أنتاركتيكا	ar-LY:أنتاركتيكا	ar-MA:أنتاركتيكا
AR	af:Argentinië	af-NA:Argentinië	agq:Àdzɛ̀ntinà	ak:Agyɛntina	am:አርጀንቲና	ar:الأرجنتين	ar-AE:الأرجنتين	ar-BH:الأرجنتين	ar-DJ:الأرجنتين	ar-DZ:الأرجنتين	ar-EG:الأرجنتين	ar-EH:الأرجنتين	ar-ER:الأرجنتين	ar-IL:الأرجنتين	ar-IQ:الأرجنتين	ar-JO:الأرجنتين	ar-KM:الأرجنتين	ar-KW:الأرجنتين	ar-LB:الأرجنتين	ar-LY:الأرجنتين
AS	af:Amerikaanse Samoa	af-NA:Amerikaanse Samoa	agq:Àmɛlekan Samwà	ak:Amɛrika Samoa	am:የአሜሪካ ሳሞአ	ar:ساموا الأمريكية	ar-AE:ساموا الأمريكية	ar-BH:ساموا الأمريكية	ar-DJ:ساموا الأمريكية	ar-DZ:ساموا الأمريكية	ar-EG:ساموا الأمريكية	ar-EH:ساموا الأمريكية	ar-ER:ساموا الأمريكية	ar-IL:ساموا الأمريكية	ar-IQ:ساموا الأمريكية	ar-JO:ساموا الأمريكية	ar-KM:ساموا الأمريكية	ar-KW:ساموا الأمريكية	ar-LB:ساموا الأمريكية	ar-LY:ساموا الأمريكية
AT	af:Oostenryk	af-NA:Oostenryk	agq:Usɨtɨ̀là	ak:Ɔstria	am:ኦስትሪያ	ar:النمسا	ar-AE:النمسا	ar-BH:النمسا	ar-DJ:النمسا	ar-DZ:النمسا	ar-EG:النمسا	ar-EH:النمسا	ar-ER:النمسا	ar-IL:النمسا	ar-IQ:النمسا	ar-JO:النمسا	ar-KM:النمسا	ar-KW:النمسا	ar-LB:النمسا	ar-LY:النمسا
AU	af:Australië	af-NA:Australië	agq:Ùsɨ̀tɛ̀lɛlìa	ak:Ɔstrelia	am:አውስትራልያ	ar:أستراليا	ar-AE:أستراليا	ar-BH:أستراليا	ar-DJ:أستراليا	ar-DZ:أستراليا	ar-EG:أستراليا	ar-EH:أستراليا	ar-ER:أستراليا	ar-IL:أستراليا	ar-IQ:أستراليا	ar-JO:أستراليا	ar-KM:أستراليا	ar-KW:أستراليا	ar-LB:أستراليا	ar-LY:أستراليا
AW	af:Aruba	af-NA:Aruba	agq:Àlubà	ak:Aruba	am:አሩባ	ar:أروبا	ar-AE:أروبا	ar-BH:أروبا	ar-DJ:أروبا	ar-DZ:أروبا	ar-EG:أروبا	ar-EH:أروبا	ar-ER:أروبا	ar-IL:أروبا	ar-IQ:أروبا	ar-JO:أروبا	ar-KM:أروبا	ar-KW:أروبا	ar-LB:أروبا	ar-LY:أروبا
AX	af:Ålandeilande	af-NA:Ålandeilande	ak:Aland Aeland	am:የአላንድ ደሴቶች	ar:جزر آلاند	ar-AE:جزر آلاند	ar-BH:جزر آلاند	ar-DJ:جزر آلاند	ar-DZ:جزر آلاند	ar-EG:جزر آلاند	ar-EH:جزر آلاند	ar-ER:جزر آلاند	ar-IL:جزر آلاند	ar-IQ:جزر آلاند	ar-JO:جزر آلاند	ar-KM:جزر آلاند	ar-KW:جزر آلاند	ar-LB:جزر آلاند	ar-LY:جزر آلاند	ar-MA:جزر آلاند
AZ	af:Azerbeidjan	af-NA:Azerbeidjan	agq:Àzɨbɛ̀dzân	ak:Asabegyan	am:አዘርባጃን	ar:أذربيجان	ar-AE:أذربيجان	ar-BH:أذربيجان	ar-DJ:أذربيجان	ar-DZ:أذربيجان	ar-EG:أذربيجان	ar-EH:أذربيجان	ar-ER:أذربيجان	ar-IL:أذربيجان	ar-IQ:أذربيجان	ar-JO:أذربيجان	ar-KM:أذربيجان	ar-KW:أذربيجان	ar-LB:أذربيجان	ar-LY:أذربيجان
BA	af:Bosnië en Herzegowina	af-NA:Bosnië en Herzegowina	agq:Bosɨnyìa à Hɛ̀zɛ̀gòvinà	ak:Bosnia ne Hɛzegovina	am:ቦስኒያ እና ሄርዞጎቪኒያ	ar:البوسنة والهرسك	ar-AE:البوسنة والهرسك	ar-BH:البوسنة والهرسك	ar-DJ:البوسنة والهرسك	ar-DZ:البوسنة والهرسك	ar-EG:البوسنة والهرسك	ar-EH:البوسنة والهرسك	ar-ER:البوسنة والهرسك	ar-IL:البوسنة والهرسك	ar-IQ:البوسنة والهرسك	ar-JO:البوسنة والهرسك	ar-KM:البوسنة والهرسك	ar-KW:البوسنة والهرسك	ar-LB:البوسنة والهرسك	ar-LY:البوسنة والهرسك
BB	af:Barbados	af-NA:Barbados	agq:Bàbadòs	ak:Baabados	am:ባርቤዶስ	ar:بربادوس	ar-AE:بربادوس	ar-BH:بربادوس	ar-DJ:بربادوس	ar-DZ:بربادوس	ar-EG:بربادوس	ar-EH:بربادوس	ar-ER:بربادوس	ar-IL:بربادوس	ar-IQ:بربادوس	ar-JO:بربادوس	ar-KM:بربادوس	ar-KW:بربادوس	ar-LB:بربادوس	ar-LY:بربادوس
BD	af:Bangladesj	af-NA:Bangladesj	agq:Baŋgɨ̀làdɛ̂	ak:Bangladɛhye	am:ባንግላዲሽ	ar:بنغلاديش	ar-AE:بنغلاديش	ar-BH:بنغلاديش	ar-DJ:بنغلاديش	ar-DZ:بنغلاديش	ar-EG:بنغلاديش	ar-EH:بنغلاديش	ar-ER:بنغلاديش	ar-IL:بنغلاديش	ar-IQ:بنغلاديش	ar-JO:بنغلاديش	ar-KM:بنغلاديش	ar-KW:بنغلاديش	ar-LB:بنغلاديش	ar-LY:بنغلاديش
BE	af:België	af-NA:België	agq:Bɛɛdzwùm	ak:Bɛlgyium	am:ቤልጄም	ar:بلجيكا	ar-AE:بلجيكا	ar-BH:بلجيكا	ar-DJ:بلجيكا	ar-DZ:بلجيكا	ar-EG:بلجيكا	ar-EH:بلجيكا	ar-ER:بلجيكا	ar-IL:بلجيكا	ar-IQ:بلجيكا	ar-JO:بلجيكا	ar-KM:بلجيكا	ar-KW:بلجيكا	ar-LB:بلجيكا	ar-LY:بلجيكا
BF	af:Burkina Faso	af-NA:Burkina Faso	agq:Bùkinà Fasò	ak:Bɔkina Faso	am:ቡርኪና ፋሶ	ar:بوركينا فاسو	ar-AE:بوركينا فاسو	ar-BH:بوركينا فاسو	ar-DJ:بوركينا فاسو	ar-DZ:بوركينا فاسو	ar-EG:بوركينا فاسو	ar-EH:بوركينا فاسو	ar-ER:بوركينا فاسو	ar-IL:بوركينا فاسو	ar-IQ:بوركينا فاسو	ar-JO:بوركينا فاسو	ar-KM:بوركينا فاسو	ar-KW:بوركينا فاسو	ar-LB:بوركينا فاسو	ar-LY:بوركينا فاسو
BG	af:Bulgarye	af-NA:Bulgarye	agq:Bùugɛlìa	ak:Bɔlgeria	am:ቡልጋሪያ	ar:بلغاريا	ar-AE:بلغاريا	ar-BH:بلغاريا	ar-DJ:بلغاريا	ar-DZ:بلغاريا	ar-EG:بلغاريا	ar-EH:بلغاريا	ar-ER:بلغاريا	ar-IL:بلغاريا	ar-IQ:بلغاريا	ar-JO:بلغاريا	ar-KM:بلغاريا	ar-KW:بلغاريا	ar-LB:بلغاريا	ar-LY:بلغاريا
BH	af:Bahrein	af-NA:Bahrein	agq:Bàlaen	ak:Baren	am:ባህሬን	ar:البحرين	ar-AE:البحرين	ar-BH:البحرين	ar-DJ:البحرين	ar-DZ:البحرين	ar-EG:البحرين	ar-EH:البحرين	ar-ER:البحرين	ar-IL:البحرين	ar-IQ:البحرين	ar-JO:البحرين	ar-KM:البحرين	ar-KW:البحرين	ar-LB:البحرين	ar-LY:البحرين
BI	af:Burundi	af-NA:Burundi	agq:Bùlundì	ak:Burundi	am:ብሩንዲ	ar:بوروندي	ar-AE:بوروندي	ar-BH:بوروندي	ar-DJ:بوروندي	ar-DZ:بوروندي	ar-EG:بوروندي	ar-EH:بوروندي	ar-ER:بوروندي	ar-IL:بوروندي	ar-IQ:بوروندي	ar-JO:بوروندي	ar-KM:بوروندي	ar-KW:بوروندي	ar-LB:بوروندي	ar-LY:بوروندي
BJ	af:Benin	af-NA:Benin	agq:Bɛ̀nɨ̂ŋ	ak:Bɛnin	am:ቤኒን	ar:بنين	ar-AE:بنين	ar-BH:بنين	ar-DJ:بنين	ar-DZ:بنين	ar-EG:بنين	ar-EH:بنين	ar-ER:بنين	ar-IL:بنين	ar-IQ:بنين	ar-JO:بنين	ar-KM:بنين	ar-KW:بنين	ar-LB:بنين	ar-LY:بنين
BL	af:Sint Barthélemy	af-NA:Sint Barthélemy	ak:St. Baatilemi	am:ሴንት ባርቴሌሚ	ar:سان بارتليمي	ar-AE:سان بارتليمي	ar-BH:سان بارتليمي	ar-DJ:سان بارتليمي	ar-DZ:سان بارتليمي	ar-EG:سان بارتليمي	ar-EH:سان بارتليمي	ar-ER:سان بارتليمي	ar-IL:سان بارتليمي	ar-IQ:سان بارتليمي	ar-JO:سان بارتليمي	ar-KM:سان بارتليمي	ar-KW:سان بارتليمي	ar-LB:سان بارتليمي	ar-LY:سان بارتليمي	ar-MA:سان بارتليمي
BM	af:Bermuda	af-NA:Bermuda	agq:Bɛ̀mudà	ak:Bɛmuda	am:ቤርሙዳ	ar:برمودا	ar-AE:برمودا	ar-BH:برمودا	ar-DJ:برمودا	ar-DZ:برمودا	ar-EG:برمودا	ar-EH:برمودا	ar-ER:برمودا	ar-IL:برمودا	ar-IQ:برمودا	ar-JO:برمودا	ar-KM:برمودا	ar-KW:برمودا	ar-LB:برمودا	ar-LY:برمودا
BN	af:Broenei	af-NA:Broenei	agq:Bɨ̀lunè	ak:Brunae	am:ብሩኒ	ar:بروناي	ar-AE:بروناي	ar-BH:بروناي	ar-DJ:بروناي	ar-DZ:بروناي	ar-EG:بروناي	ar-EH:بروناي	ar-ER:بروناي	ar-IL:بروناي	ar-IQ:بروناي	ar-JO:بروناي	ar-KM:بروناي	ar-KW:بروناي	ar-LB:بروناي	ar-LY:بروناي
BO	af:Bolivië	af-NA:Bolivië	agq:Bòlevà	ak:Bolivia	am:ቦሊቪያ	ar:بوليفيا	ar-AE:بوليفيا	ar-BH:بوليفيا	ar-DJ:بوليفيا	ar-DZ:بوليفيا	ar-EG:بوليفيا	ar-EH:بوليفيا	ar-ER:بوليفيا	ar-IL:بوليفيا	ar-IQ:بوليفيا	ar-JO:بوليفيا	ar-KM:بوليفيا	ar-KW:بوليفيا	ar-LB:بوليفيا	ar-LY:بوليفيا
BQ	af:Karibiese Nederland	af-NA:Karibiese Nederland	ak:Caribbean Netherlands	am:የካሪቢያን ኔዘርላንድስ	ar:هولندا الكاريبية	ar-AE:هولندا الكاريبية	ar-BH:هولندا الكاريبية	ar-DJ:هولندا الكاريبية	ar-DZ:هولندا الكاريبية	ar-EG:هولندا الكاريبية	ar-EH:هولندا الكاريبية	ar-ER:هولندا الكاريبية	ar-IL:هولندا الكاريبية	ar-IQ:هولندا الكاريبية	ar-JO:هولندا الكاريبية	ar-KM:هولندا الكاريبية	ar-KW:هولندا الكاريبية	ar-LB:هولندا الكاريبية	ar-LY:هولندا الكاريبية	ar-MA:هولندا الكاريبية
BR	af:Brasilië	af-NA:Brasilië	agq:Bɨ̀làzîi	ak:Brazil	am:ብራዚል	ar:البرازيل	ar-AE:البرازيل	ar-BH:البرازيل	ar-DJ:البرازيل	ar-DZ:البرازيل	ar-EG:البرازيل	ar-EH:البرازيل	ar-ER:البرازيل	ar-IL:البرازيل	ar-IQ:البرازيل	ar-JO:البرازيل	ar-KM:البرازيل	ar-KW:البرازيل	ar-LB:البرازيل	ar-LY:البرازيل
BS	af:Bahamas	af-NA:Bahamas	agq:Bàhamàs	ak:Bahamase	am:ባሃማስ	ar:جزر البهاما	ar-AE:جزر البهاما	ar-BH:جزر البهاما	ar-DJ:جزر البهاما	ar-DZ:جزر البهاما	ar-EG:جزر البهاما	ar-EH:جزر البهاما	ar-ER:جزر البهاما	ar-IL:جزر البهاما	ar-IQ:جزر البهاما	ar-JO:جزر البهاما	ar-KM:جزر البهاما	ar-KW:جزر البهاما	ar-LB:جزر البهاما	ar-LY:جزر البهاما
BT	af:Bhoetan	af-NA:Bhoetan	agq:Mbutàn	ak:Butan	am:ቡህታን	ar:بوتان	ar-AE:بوتان	ar-BH:بوتان	ar-DJ:بوتان	ar-DZ:بوتان	ar-EG:بوتان	ar-EH:بوتان	ar-ER:بوتان	ar-IL:بوتان	ar-IQ:بوتان	ar-JO:بوتان	ar-KM:بوتان	ar-KW:بوتان	ar-LB:بوتان	ar-LY:بوتان
BV	af:Bouvet-eiland	af-NA:Bouvet-eiland	ak:Bouvet Island	am:ቡቬት ደሴት	ar:جزيرة بوفيه	ar-AE:جزيرة بوفيه	ar-BH:جزيرة بوفيه	ar-DJ:جزيرة بوفيه	ar-DZ:جزيرة بوفيه	ar-EG:جزيرة بوفيه	ar-EH:جزيرة بوفيه	ar-ER:جزيرة بوفيه	ar-IL:جزيرة بوفيه	ar-IQ:جزيرة بوفيه	ar-JO:جزيرة بوفيه	ar-KM:جزيرة بوفيه	ar-KW:جزيرة بوفيه	ar-LB:جزيرة بوفيه	ar-LY:جزيرة بوفيه	ar-MA:جزيرة بوفيه
BW	af:Botswana	af-NA:Botswana	agq:Bòtɨ̀swǎnà	ak:Bɔtswana	am:ቦትስዋና	ar:بوتسوانا	ar-AE:بوتسوانا	ar-BH:بوتسوانا	ar-DJ:بوتسوانا	ar-DZ:بوتسوانا	ar-EG:بوتسوانا	ar-EH:بوتسوانا	ar-ER:بوتسوانا	ar-IL:بوتسوانا	ar-IQ:بوتسوانا	ar-JO:بوتسوانا	ar-KM:بوتسوانا	ar-KW:بوتسوانا	ar-LB:بوتسوانا	ar-LY:بوتسوانا
BY	af:Belarus	af-NA:Belarus	agq:Bɛlàlûs	ak:Bɛlarus	am:ቤላሩስ	ar:بيلاروس	ar-AE:بيلاروس	ar-BH:بيلاروس	ar-DJ:بيلاروس	ar-DZ:بيلاروس	ar-EG:بيلاروس	ar-EH:بيلاروس	ar-ER:بيلاروس	ar-IL:بيلاروس	ar-IQ:بيلاروس	ar-JO:بيلاروس	ar-KM:بيلاروس	ar-KW:بيلاروس	ar-LB:بيلاروس	ar-LY:بيلاروس
BZ	af:Belize	af-NA:Belize	agq:Bɛ̀lezɨ̀	ak:Beliz	am:በሊዝ	ar:بليز	ar-AE:بليز	ar-BH:بليز	ar-DJ:بليز	ar-DZ:بليز	ar-EG:بليز	ar-EH:بليز	ar-ER:بليز	ar-IL:بليز	ar-IQ:بليز	ar-JO:بليز	ar-KM:بليز	ar-KW:بليز	ar-LB:بليز	ar-LY:بليز
CA	af:Kanada	af-NA:Kanada	agq:Kanadà	ak:Kanada	am:ካናዳ	ar:كندا	ar-AE:كندا	ar-BH:كندا	ar-DJ:كندا	ar-DZ:كندا	ar-EG:كندا	ar-EH:كندا	ar-ER:كندا	ar-IL:كندا	ar-IQ:كندا	ar-JO:كندا	ar-KM:كندا	ar-KW:كندا	ar-LB:كندا	ar-LY:كندا
CC	af:Kokoseilande	af-NA:Kokoseilande	ak:Kokoso Supɔ	am:ኮኮስ(ኬሊንግ) ደሴቶች	ar:جزر كوكوس (كيلينغ)	ar-AE:جزر كوكوس (كيلينغ)	ar-BH:جزر كوكوس (كيلينغ)	ar-DJ:جزر كوكوس (كيلينغ)	ar-DZ:جزر كوكوس (كيلينغ)	ar-EG:جزر كوكوس (كيلينغ)	ar-EH:جزر كوكوس (كيلينغ)	ar-ER:جزر كوكوس (كيلينغ)	ar-IL:جزر كوكوس (كيلينغ)	ar-IQ:جزر كوكوس (كيلينغ)	ar-JO:جزر كوكوس (كيلينغ)	ar-KM:جزر كوكوس (كيلينغ)	ar-KW:جزر كوكوس (كيلينغ)	ar-LB:جزر كوكوس (كيلينغ)	ar-LY:جزر كوكوس (كيلينغ)	ar-MA:جزر كوكوس (كيلينغ)
CD	af:Demokratiese Republiek van die Kongo	af-NA:Demokratiese Republiek van die Kongo	agq:Dɛ̀mùkàlatì Lèkpubèlè è Kuŋgù	ak:Kongo Kinhyaahya	am:ኮንጎ-ኪንሻሳ	ar:الكونغو - كينشاسا	ar-AE:الكونغو - كينشاسا	ar-BH:الكونغو - كينشاسا	ar-DJ:الكونغو - كينشاسا	ar-DZ:الكونغو - كينشاسا	ar-EG:الكونغو - كينشاسا	ar-EH:الكونغو - كينشاسا	ar-ER:الكونغو - كينشاسا	ar-IL:الكونغو - كينشاسا	ar-IQ:الكونغو - كينشاسا	ar-JO:الكونغو - كينشاسا	ar-KM:الكونغو - كينشاسا	ar-KW:الكونغو - كينشاسا	ar-LB:الكونغو - كينشاسا	ar-LY:الكونغو - كينشاسا
CF	af:Sentraal-Afrikaanse Republiek	af-NA:Sentraal-Afrikaanse Republiek	agq:Sɛnta Afɨlekan Lèkpobèlè	ak:Afrika Finimfin Man	am:ማዕከላዊ አፍሪካ ሪፑብሊክ	ar:جمهورية أفريقيا الوسطى	ar-AE:جمهورية أفريقيا الوسطى	ar-BH:جمهورية أفريقيا الوسطى	ar-DJ:جمهورية أفريقيا الوسطى	ar-DZ:جمهورية أفريقيا الوسطى	ar-EG:جمهورية أفريقيا الوسطى	ar-EH:جمهورية أفريقيا الوسطى	ar-ER:جمهورية أفريقيا الوسطى	ar-IL:جمهورية أفريقيا الوسطى	ar-IQ:جمهورية أفريقيا الوسطى	ar-JO:جمهورية أفريقيا الوسطى	ar-KM:جمهورية أفريقيا الوسطى	ar-KW:جمهورية أفريقيا الوسطى	ar-LB:جمهورية أفريقيا الوسطى	ar-LY:جمهورية أفريقيا الوسطى
CG	af:Kongo-Brazzaville	af-NA:Kongo-Brazzaville	agq:Kuŋgù	ak:Kongo	am:ኮንጎ ብራዛቪል	ar:الكونغو - برازافيل	ar-AE:الكونغو - برازافيل	ar-BH:الكونغو - برازافيل	ar-DJ:الكونغو - برازافيل	ar-DZ:الكونغو - برازافيل	ar-EG:الكونغو - برازافيل	ar-EH:الكونغو - برازافيل	ar-ER:الكونغو - برازافيل	ar-IL:الكونغو - برازافيل	ar-IQ:الكونغو - برازافيل	ar-JO:الكونغو - برازافيل	ar-KM:الكونغو - برازافيل	ar-KW:الكونغو - برازافيل	ar-LB:الكونغو - برازافيل	ar-LY:الكونغو - برازافيل
CH	af:Switserland	af-NA:Switserland	agq:Suezàlân	ak:Swetzaland	am:ስዊዘርላንድ	ar:سويسرا	ar-AE:سويسرا	ar-BH:سويسرا	ar-DJ:سويسرا	ar-DZ:سويسرا	ar-EG:سويسرا	ar-EH:سويسرا	ar-ER:سويسرا	ar-IL:سويسرا	ar-IQ:سويسرا	ar-JO:سويسرا	ar-KM:سويسرا	ar-KW:سويسرا	ar-LB:سويسرا	ar-LY:سويسرا
CI	af:Ivoorkus	af-NA:Ivoorkus	agq:Ku Dɨ̀vûa	ak:Kodivuwa	am:ኮትዲቯር	ar:ساحل العاج	ar-AE:ساحل العاج	ar-BH:ساحل العاج	ar-DJ:ساحل العاج	ar-DZ:ساحل العاج	ar-EG:ساحل العاج	ar-EH:ساحل العاج	ar-ER:ساحل العاج	ar-IL:ساحل العاج	ar-IQ:ساحل العاج	ar-JO:ساحل العاج	ar-KM:ساحل العاج	ar-KW:ساحل العاج	ar-LB:ساحل العاج	ar-LY:ساحل العاج
CK	af:Cookeilande	af-NA:Cookeilande	agq:Chwɨla ŋ̀ Kûʔ	ak:Kuk Nsupɔ	am:ኩክ ደሴቶች	ar:جزر كوك	ar-AE:جزر كوك	ar-BH:جزر كوك	ar-DJ:جزر كوك	ar-DZ:جزر كوك	ar-EG:جزر كوك	ar-EH:جزر كوك	ar-ER:جزر كوك	ar-IL:جزر كوك	ar-IQ:جزر كوك	ar-JO:جزر كوك	ar-KM:جزر كوك	ar-KW:جزر كوك	ar-LB:جزر كوك	ar-LY:جزر كوك
CL	af:Chili	af-NA:Chili	agq:Chilè	ak:Kyili	am:ቺሊ	ar:تشيلي	ar-AE:تشيلي	ar-BH:تشيلي	ar-DJ:تشيلي	ar-DZ:تشيلي	ar-EG:تشيلي	ar-EH:تشيلي	ar-ER:تشيلي	ar-IL:تشيلي	ar-IQ:تشيلي	ar-JO:تشيلي	ar-KM:تشيلي	ar-KW:تشيلي	ar-LB:تشيلي	ar-LY:تشيلي
CM	af:Kameroen	af-NA:Kameroen	agq:Kàmàlûŋ	ak:Kamɛrun	am:ካሜሩን	ar:الكاميرون	ar-AE:الكاميرون	ar-BH:الكاميرون	ar-DJ:الكاميرون	ar-DZ:الكاميرون	ar-EG:الكاميرون	ar-EH:الكاميرون	ar-ER:الكاميرون	ar-IL:الكاميرون	ar-IQ:الكاميرون	ar-JO:الكاميرون	ar-KM:الكاميرون	ar-KW:الكاميرون	ar-LB:الكاميرون	ar-LY:الكاميرون
CN	af:China	af-NA:China	agq:Chaenà	ak:Kyaena	am:ቻይና	ar:الصين	ar-AE:الصين	ar-BH:الصين	ar-DJ:الصين	ar-DZ:الصين	ar-EG:الصين	ar-EH:الصين	ar-ER:الصين	ar-IL:الصين	ar-IQ:الصين	ar-JO:الصين	ar-KM:الصين	ar-KW:الصين	ar-LB:الصين	ar-LY:الصين
CO	af:Colombië	af-NA:Colombië	agq:Kòlombìa	ak:Kolombia	am:ኮሎምቢያ	ar:كولومبيا	ar-AE:كولومبيا	ar-BH:كولومبيا	ar-DJ:كولومبيا	ar-DZ:كولومبيا	ar-EG:كولومبيا	ar-EH:كولومبيا	ar-ER:كولومبيا	ar-IL:كولومبيا	ar-IQ:كولومبيا	ar-JO:كولومبيا	ar-KM:كولومبيا	ar-KW:كولومبيا	ar-LB:كولومبيا	ar-LY:كولومبيا
CP	af:Clippertoneiland	af-NA:Clippertoneiland	ak:Klepatin Aeland	am:ክሊፐርቶን ደሴት	ar:جزيرة كليبيرتون	ar-AE:جزيرة كليبيرتون	ar-BH:جزيرة كليبيرتون	ar-DJ:جزيرة كليبيرتون	ar-DZ:جزيرة كليبيرتون	ar-EG:جزيرة كليبيرتون	ar-EH:جزيرة كليبيرتون	ar-ER:جزيرة كليبيرتون	ar-IL:جزيرة كليبيرتون	ar-IQ:جزيرة كليبيرتون	ar-JO:جزيرة كليبيرتون	ar-KM:جزيرة كليبيرتون	ar-KW:جزيرة كليبيرتون	ar-LB:جزيرة كليبيرتون	ar-LY:جزيرة كليبيرتون	ar-MA:جزيرة كليبيرتون
CQ	af:Sark	af-NA:Sark	ak:Sark	am:ሳርክ	ar:سارك	ar-AE:سارك	ar-BH:سارك	ar-DJ:سارك	ar-DZ:سارك	ar-EG:سارك	ar-EH:سارك	ar-ER:سارك	ar-IL:سارك	ar-IQ:سارك	ar-JO:سارك	ar-KM:سارك	ar-KW:سارك	ar-LB:سارك	ar-LY:سارك	ar-MA:سارك
CR	af:Costa Rica	af-NA:Costa Rica	agq:Kòsɨ̀tà Lekà	ak:Kɔsta Rika	am:ኮስታሪካ	ar:كوستاريكا	ar-AE:كوستاريكا	ar-BH:كوستاريكا	ar-DJ:كوستاريكا	ar-DZ:كوستاريكا	ar-EG:كوستاريكا	ar-EH:كوستاريكا	ar-ER:كوستاريكا	ar-IL:كوستاريكا	ar-IQ:كوستاريكا	ar-JO:كوستاريكا	ar-KM:كوستاريكا	ar-KW:كوستاريكا	ar-LB:كوستاريكا	ar-LY:كوستاريكا
CU	af:Kuba	af-NA:Kuba	agq:Kuuwbà	ak:Kiuba	am:ኩባ	ar:كوبا	ar-AE:كوبا	ar-BH:كوبا	ar-DJ:كوبا	ar-DZ:كوبا	ar-EG:كوبا	ar-EH:كوبا	ar-ER:كوبا	ar-IL:كوبا	ar-IQ:كوبا	ar-JO:كوبا	ar-KM:كوبا	ar-KW:كوبا	ar-LB:كوبا	ar-LY:كوبا
CV	af:Kaap Verde	af-NA:Kaap Verde	agq:Chwɨla ŋ̀ Kɛ̀b Vɛ̂ɛ	ak:Kepvɛdfo Islands	am:ኬፕቨርዴ	ar:الرأس الأخضر	ar-AE:الرأس الأخضر	ar-BH:الرأس الأخضر	ar-DJ:الرأس الأخضر	ar-DZ:الرأس الأخضر	ar-EG:الرأس الأخضر	ar-EH:الرأس الأخضر	ar-ER:الرأس الأخضر	ar-IL:الرأس الأخضر	ar-IQ:الرأس الأخضر	ar-JO:الرأس الأخضر	ar-KM:الرأس الأخضر	ar-KW:الرأس الأخضر	ar-LB:الرأس الأخضر	ar-LY:الرأس الأخضر
CW	af:Curaçao	af-NA:Curaçao	ak:Kurakaw	am:ኩራሳዎ	ar:كوراساو	ar-AE:كوراساو	ar-BH:كوراساو	ar-DJ:كوراساو	ar-DZ:كوراساو	ar-EG:كوراساو	ar-EH:كوراساو	ar-ER:كوراساو	ar-IL:كوراساو	ar-IQ:كوراساو	ar-JO:كوراساو	ar-KM:كوراساو	ar-KW:كوراساو	ar-LB:كوراساو	ar-LY:كوراساو	ar-MA:كوراساو
CX	af:Kerseiland	af-NA:Kerseiland	ak:Buronya Supɔ	am:ክሪስማስ ደሴት	ar:جزيرة كريسماس	ar-AE:جزيرة كريسماس	ar-BH:جزيرة كريسماس	ar-DJ:جزيرة كريسماس	ar-DZ:جزيرة كريسماس	ar-EG:جزيرة كريسماس	ar-EH:جزيرة كريسماس	ar-ER:جزيرة كريسماس	ar-IL:جزيرة كريسماس	ar-IQ:جزيرة كريسماس	ar-JO:جزيرة كريسماس	ar-KM:جزيرة كريسماس	ar-KW:جزيرة كريسماس	ar-LB:جزيرة كريسماس	ar-LY:جزيرة كريسماس	ar-MA:جزيرة كريسماس
CY	af:Siprus	af-NA:Siprus	agq:Saekpùlù	ak:Saeprɔso	am:ሳይፕረስ	ar:قبرص	ar-AE:قبرص	ar-BH:قبرص	ar-DJ:قبرص	ar-DZ:قبرص	ar-EG:قبرص	ar-EH:قبرص	ar-ER:قبرص	ar-IL:قبرص	ar-IQ:قبرص	ar-JO:قبرص	ar-KM:قبرص	ar-KW:قبرص	ar-LB:قبرص	ar-LY:قبرص
CZ	af:Tsjeggië	af-NA:Tsjeggië	agq:Chɛ̂ Lèkpubèlè	ak:Kyɛk	am:ቼቺያ	ar:التشيك	ar-AE:التشيك	ar-BH:التشيك	ar-DJ:التشيك	ar-DZ:التشيك	ar-EG:التشيك	ar-EH:التشيك	ar-ER:التشيك	ar-IL:التشيك	ar-IQ:التشيك	ar-JO:التشيك	ar-KM:التشيك	ar-KW:التشيك	ar-LB:التشيك	ar-LY:التشيك
DE	af:Duitsland	af-NA:Duitsland	agq:Dzamanè	ak:Gyaaman	am:ጀርመን	ar:ألمانيا	ar-AE:ألمانيا	ar-BH:ألمانيا	ar-DJ:ألمانيا	ar-DZ:ألمانيا	ar-EG:ألمانيا	ar-EH:ألمانيا	ar-ER:ألمانيا	ar-IL:ألمانيا	ar-IQ:ألمانيا	ar-JO:ألمانيا	ar-KM:ألمانيا	ar-KW:ألمانيا	ar-LB:ألمانيا	ar-LY:ألمانيا
DG	af:Diego Garcia	af-NA:Diego Garcia	ak:Diɛgo Gaasia	am:ዲዬጎ ጋርሲያ	ar:دييغو غارسيا	ar-AE:دييغو غارسيا	ar-BH:دييغو غارسيا	ar-DJ:دييغو غارسيا	ar-DZ:دييغو غارسيا	ar-EG:دييغو غارسيا	ar-EH:دييغو غارسيا	ar-ER:دييغو غارسيا	ar-IL:دييغو غارسيا	ar-IQ:دييغو غارسيا	ar-JO:دييغو غارسيا	ar-KM:دييغو غارسيا	ar-KW:دييغو غارسيا	ar-LB:دييغو غارسيا	ar-LY:دييغو غارسيا	ar-MA:دييغو غارسيا
DJ	af:Djiboeti	af-NA:Djiboeti	agq:Dzìbuwtì	ak:Gyibuti	am:ጂቡቲ	ar:جيبوتي	ar-AE:جيبوتي	ar-BH:جيبوتي	ar-DJ:جيبوتي	ar-DZ:جيبوتي	ar-EG:جيبوتي	ar-EH:جيبوتي	ar-ER:جيبوتي	ar-IL:جيبوتي	ar-IQ:جيبوتي	ar-JO:جيبوتي	ar-KM:جيبوتي	ar-KW:جيبوتي	ar-LB:جيبوتي	ar-LY:جيبوتي
DK	af:Denemarke	af-NA:Denemarke	agq:Dɛnɨmà	ak:Dɛnmak	am:ዴንማርክ	ar:الدانمرك	ar-AE:الدانمرك	ar-BH:الدانمرك	ar-DJ:الدانمرك	ar-DZ:الدانمرك	ar-EG:الدانمرك	ar-EH:الدانمرك	ar-ER:الدانمرك	ar-IL:الدانمرك	ar-IQ:الدانمرك	ar-JO:الدانمرك	ar-KM:الدانمرك	ar-KW:الدانمرك	ar-LB:الدانمرك	ar-LY:الدانمرك
DM	af:Dominica	af-NA:Dominica	agq:Dòmenekà	ak:Dɔmeneka	am:ዶሚኒካ	ar:دومينيكا	ar-AE:دومينيكا	ar-BH:دومينيكا	ar-DJ:دومينيكا	ar-DZ:دومينيكا	ar-EG:دومينيكا	ar-EH:دومينيكا	ar-ER:دومينيكا	ar-IL:دومينيكا	ar-IQ:دومينيكا	ar-JO:دومينيكا	ar-KM:دومينيكا	ar-KW:دومينيكا	ar-LB:دومينيكا	ar-LY:دومينيكا
DO	af:Dominikaanse Republiek	af-NA:Dominikaanse Republiek	agq:Dòmenekà Lèkpubèlè	ak:Dɔmeneka Man	am:ዶመኒካን ሪፑብሊክ	ar:جمهورية الدومينيكان	ar-AE:جمهورية الدومينيكان	ar-BH:جمهورية الدومينيكان	ar-DJ:جمهورية الدومينيكان	ar-DZ:جمهورية الدومينيكان	ar-EG:جمهورية الدومينيكان	ar-EH:جمهورية الدومينيكان	ar-ER:جمهورية الدومينيكان	ar-IL:جمهورية الدومينيكان	ar-IQ:جمهورية الدومينيكان	ar-JO:جمهورية الدومينيكان	ar-KM:جمهورية الدومينيكان	ar-KW:جمهورية الدومينيكان	ar-LB:جمهورية الدومينيكان	ar-LY:جمهورية الدومينيكان
DZ	af:Algerië	af-NA:Algerië	agq:Àadzɛlìa	ak:Ɔlgyeria	am:አልጄሪያ	ar:الجزائر	ar-AE:الجزائر	ar-BH:الجزائر	ar-DJ:الجزائر	ar-DZ:الجزائر	ar-EG:الجزائر	ar-EH:الجزائر	ar-ER:الجزائر	ar-IL:الجزائر	ar-IQ:الجزائر	ar-JO:الجزائر	ar-KM:الجزائر	ar-KW:الجزائر	ar-LB:الجزائر	ar-LY:الجزائر
EA	af:Ceuta en Melilla	af-NA:Ceuta en Melilla	ak:Ceuta ne Melilla	am:ሴኡታና ሜሊላ	ar:سيوتا وميليلا	ar-AE:سيوتا وميليلا	ar-BH:سيوتا وميليلا	ar-DJ:سيوتا وميليلا	ar-DZ:سيوتا وميليلا	ar-EG:سيوتا وميليلا	ar-EH:سيوتا وميليلا	ar-ER:سيوتا وميليلا	ar-IL:سيوتا وميليلا	ar-IQ:سيوتا وميليلا	ar-JO:سيوتا وميليلا	ar-KM:سيوتا وميليلا	ar-KW:سيوتا وميليلا	ar-LB:سيوتا وميليلا	ar-LY:سبتة ومليلية	ar-MA:سيوتا وميليلا
EC	af:Ecuador	af-NA:Ecuador	agq:Ekwadò	ak:Yikuwedɔ	am:ኢኳዶር	ar:الإكوادور	ar-AE:الإكوادور	ar-BH:الإكوادور	ar-DJ:الإكوادور	ar-DZ:الإكوادور	ar-EG:الإكوادور	ar-EH:الإكوادور	ar-ER:الإكوادور	ar-IL:الإكوادور	ar-IQ:الإكوادور	ar-JO:الإكوادور	ar-KM:الإكوادور	ar-KW:الإكوادور	ar-LB:الإكوادور	ar-LY:الإكوادور
EE	af:Estland	af-NA:Estland	agq:Èsɨ̀tonyìa	ak:Ɛstonia	am:ኤስቶኒያ	ar:إستونيا	ar-AE:إستونيا	ar-BH:إستونيا	ar-DJ:إستونيا	ar-DZ:إستونيا	ar-EG:إستونيا	ar-EH:إستونيا	ar-ER:إستونيا	ar-IL:إستونيا	ar-IQ:إستونيا	ar-JO:إستونيا	ar-KM:إستونيا	ar-KW:إستونيا	ar-LB:إستونيا	ar-LY:إستونيا
EG	af:Egipte	af-NA:Egipte	agq:Edzì	ak:Misrim	am:ግብጽ	ar:مصر	ar-AE:مصر	ar-BH:مصر	ar-DJ:مصر	ar-DZ:مصر	ar-EG:مصر	ar-EH:مصر	ar-ER:مصر	ar-IL:مصر	ar-IQ:مصر	ar-JO:مصر	ar-KM:مصر	ar-KW:مصر	ar-LB:مصر	ar-LY:مصر
EH	af:Wes-Sahara	af-NA:Wes-Sahara	ak:Sahara Atɔeɛ	am:ምዕራባዊ ሳህራ	ar:الصحراء الغربية	ar-AE:الصحراء الغربية	ar-BH:الصحراء الغربية	ar-DJ:الصحراء الغربية	ar-DZ:الصحراء الغربية	ar-EG:الصحراء الغربية	ar-EH:الصحراء الغربية	ar-ER:الصحراء الغربية	ar-IL:الصحراء الغربية	ar-IQ:الصحراء الغربية	ar-JO:الصحراء الغربية	ar-KM:الصحراء الغربية	ar-KW:الصحراء الغربية	ar-LB:الصحراء الغربية	ar-LY:الصحراء الغربية	ar-MA:الصحراء الغربية
ER	af:Eritrea	af-NA:Eritrea	agq:Èletɨ̀là	ak:Ɛritrea	am:ኤርትራ	ar:إريتريا	ar-AE:إريتريا	ar-BH:إريتريا	ar-DJ:إريتريا	ar-DZ:إريتريا	ar-EG:إريتريا	ar-EH:إريتريا	ar-ER:إريتريا	ar-IL:إريتريا	ar-IQ:إريتريا	ar-JO:إريتريا	ar-KM:إريتريا	ar-KW:إريتريا	ar-LB:إريتريا	ar-LY:إريتريا
ES	af:Spanje	af-NA:Spanje	agq:Sɨ̀kpɛ̂n	ak:Spain	am:ስፔን	ar:إسبانيا	ar-AE:إسبانيا	ar-BH:إسبانيا	ar-DJ:إسبانيا	ar-DZ:إسبانيا	ar-EG:إسبانيا	ar-EH:إسبانيا	ar-ER:إسبانيا	ar-IL:إسبانيا	ar-IQ:إسبانيا	ar-JO:إسبانيا	ar-KM:إسبانيا	ar-KW:إسبانيا	ar-LB:إسبانيا	ar-LY:إسبانيا
ET	af:Ethiopië	af-NA:Ethiopië	agq:Ètyǒpìa	ak:Yitiopia	am:ኢትዮጵያ	ar:إثيوبيا	ar-AE:إثيوبيا	ar-BH:إثيوبيا	ar-DJ:إثيوبيا	ar-DZ:إثيوبيا	ar-EG:إثيوبيا	ar-EH:إثيوبيا	ar-ER:إثيوبيا	ar-IL:إثيوبيا	ar-IQ:إثيوبيا	ar-JO:إثيوبيا	ar-KM:إثيوبيا	ar-KW:إثيوبيا	ar-LB:إثيوبيا	ar-LY:إثيوبيا
EU	af:Europese Unie	af-NA:Europese Unie	ak:Yuropu Nkabomkuo	am:የአውሮፓ ህብረት	ar:الاتحاد الأوروبي	ar-AE:الاتحاد الأوروبي	ar-BH:الاتحاد الأوروبي	ar-DJ:الاتحاد الأوروبي	ar-DZ:الاتحاد الأوروبي	ar-EG:الاتحاد الأوروبي	ar-EH:الاتحاد الأوروبي	ar-ER:الاتحاد الأوروبي	ar-IL:الاتحاد الأوروبي	ar-IQ:الاتحاد الأوروبي	ar-JO:الاتحاد الأوروبي	ar-KM:الاتحاد الأوروبي	ar-KW:الاتحاد الأوروبي	ar-LB:الاتحاد الأوروبي	ar-LY:الاتحاد الأوروبي	ar-MA:الاتحاد الأوروبي
EZ	af:Eurosone	af-NA:Eurosone	ak:Yuropu Fam	am:የዩሮ ዞን	ar:منطقة اليورو	ar-AE:منطقة اليورو	ar-BH:منطقة اليورو	ar-DJ:منطقة اليورو	ar-DZ:منطقة اليورو	ar-EG:منطقة اليورو	ar-EH:منطقة اليورو	ar-ER:منطقة اليورو	ar-IL:منطقة اليورو	ar-IQ:منطقة اليورو	ar-JO:منطقة اليورو	ar-KM:منطقة اليورو	ar-KW:منطقة اليورو	ar-LB:منطقة اليورو	ar-LY:منطقة اليورو	ar-MA:منطقة اليورو
FI	af:Finland	af-NA:Finland	agq:Fɨnlàn	ak:Finland	am:ፊንላንድ	ar:فنلندا	ar-AE:فنلندا	ar-BH:فنلندا	ar-DJ:فنلندا	ar-DZ:فنلندا	ar-EG:فنلندا	ar-EH:فنلندا	ar-ER:فنلندا	ar-IL:فنلندا	ar-IQ:فنلندا	ar-JO:فنلندا	ar-KM:فنلندا	ar-KW:فنلندا	ar-LB:فنلندا	ar-LY:فنلندا
FJ	af:Fidji	af-NA:Fidji	agq:Fidzi	ak:Figyi	am:ፊጂ	ar:فيجي	ar-AE:فيجي	ar-BH:فيجي	ar-DJ:فيجي	ar-DZ:فيجي	ar-EG:فيجي	ar-EH:فيجي	ar-ER:فيجي	ar-IL:فيجي	ar-IQ:فيجي	ar-JO:فيجي	ar-KM:فيجي	ar-KW:فيجي	ar-LB:فيجي	ar-LY:فيجي
FK	af:Falklandeilande	af-NA:Falklandeilande	agq:Chwɨlà fɨ Fakɨlàn	ak:Fɔkman Aeland	am:የፎክላንድ ደሴቶች	ar:جزر فوكلاند	ar-AE:جزر فوكلاند	ar-BH:جزر فوكلاند	ar-DJ:جزر فوكلاند	ar-DZ:جزر فوكلاند	ar-EG:جزر فوكلاند	ar-EH:جزر فوكلاند	ar-ER:جزر فوكلاند	ar-IL:جزر فوكلاند	ar-IQ:جزر فوكلاند	ar-JO:جزر فوكلاند	ar-KM:جزر فوكلاند	ar-KW:جزر فوكلاند	ar-LB:جزر فوكلاند	ar-LY:جزر فوكلاند
FM	af:Mikronesië	af-NA:Mikronesië	agq:Maekòlòneshìa	ak:Maekronehyia	am:ማይክሮኔዢያ	ar:ميكرونيزيا	ar-AE:ميكرونيزيا	ar-BH:ميكرونيزيا	ar-DJ:ميكرونيزيا	ar-DZ:ميكرونيزيا	ar-EG:ميكرونيزيا	ar-EH:ميكرونيزيا	ar-ER:ميكرونيزيا	ar-IL:ميكرونيزيا	ar-IQ:ميكرونيزيا	ar-JO:ميكرونيزيا	ar-KM:ميكرونيزيا	ar-KW:ميكرونيزيا	ar-LB:ميكرونيزيا	ar-LY:ميكرونيزيا
FO	af:Faroëreilande	af-NA:Faroëreilande	ak:Faro Aeland	am:የፋሮ ደሴቶች	ar:جزر فارو	ar-AE:جزر فارو	ar-BH:جزر فارو	ar-DJ:جزر فارو	ar-DZ:جزر فارو	ar-EG:جزر فارو	ar-EH:جزر فارو	ar-ER:جزر فارو	ar-IL:جزر فارو	ar-IQ:جزر فارو	ar-JO:جزر فارو	ar-KM:جزر فارو	ar-KW:جزر فارو	ar-LB:جزر فارو	ar-LY:جزر فارو	ar-MA:جزر فارو
FR	af:Frankryk	af-NA:Frankryk	agq:Fàlâŋnsì	ak:Franse	am:ፈረንሳይ	ar:فرنسا	ar-AE:فرنسا	ar-BH:فرنسا	ar-DJ:فرنسا	ar-DZ:فرنسا	ar-EG:فرنسا	ar-EH:فرنسا	ar-ER:فرنسا	ar-IL:فرنسا	ar-IQ:فرنسا	ar-JO:فرنسا	ar-KM:فرنسا	ar-KW:فرنسا	ar-LB:فرنسا	ar-LY:فرنسا
GA	af:Gaboen	af-NA:Gaboen	agq:Gàbûn	ak:Gabɔn	am:ጋቦን	ar:الغابون	ar-AE:الغابون	ar-BH:الغابون	ar-DJ:الغابون	ar-DZ:الغابون	ar-EG:الغابون	ar-EH:الغابون	ar-ER:الغابون	ar-IL:الغابون	ar-IQ:الغابون	ar-JO:الغابون	ar-KM:الغابون	ar-KW:الغابون	ar-LB:الغابون	ar-LY:الغابون
GB	af:Verenigde Koninkryk	af-NA:Verenigde Koninkryk	agq:Yùnaetɛ Kiŋdɔ̀m	ak:UK	am:ዩናይትድ ኪንግደም	ar:المملكة المتحدة	ar-AE:المملكة المتحدة	ar-BH:المملكة المتحدة	ar-DJ:المملكة المتحدة	ar-DZ:المملكة المتحدة	ar-EG:المملكة المتحدة	ar-EH:المملكة المتحدة	ar-ER:المملكة المتحدة	ar-IL:المملكة المتحدة	ar-IQ:المملكة المتحدة	ar-JO:المملكة المتحدة	ar-KM:المملكة المتحدة	ar-KW:المملكة المتحدة	ar-LB:المملكة المتحدة	ar-LY:المملكة المتحدة
GD	af:Grenada	af-NA:Grenada	agq:Gɨ̀lɛnadà	ak:Grenada	am:ግሬናዳ	ar:غرينادا	ar-AE:غرينادا	ar-BH:غرينادا	ar-DJ:غرينادا	ar-DZ:غرينادا	ar-EG:غرينادا	ar-EH:غرينادا	ar-ER:غرينادا	ar-IL:غرينادا	ar-IQ:غرينادا	ar-JO:غرينادا	ar-KM:غرينادا	ar-KW:غرينادا	ar-LB:غرينادا	ar-LY:غرينادا
GE	af:Georgië	af-NA:Georgië	agq:Dzɔɔdzìa	ak:Gyɔgyea	am:ጆርጂያ	ar:جورجيا	ar-AE:جورجيا	ar-BH:جورجيا	ar-DJ:جورجيا	ar-DZ:جورجيا	ar-EG:جورجيا	ar-EH:جورجيا	ar-ER:جورجيا	ar-IL:جورجيا	ar-IQ:جورجيا	ar-JO:جورجيا	ar-KM:جورجيا	ar-KW:جورجيا	ar-LB:جورجيا	ar-LY:جورجيا
GF	af:Frans-Guyana	af-NA:Frans-Guyana	agq:Gàyanà è Fàlâŋnsì	ak:Frɛnkye Gayana	am:የፈረንሳይ ጉዊአና	ar:غويانا الفرنسية	ar-AE:غويانا الفرنسية	ar-BH:غويانا الفرنسية	ar-DJ:غويانا الفرنسية	ar-DZ:غويانا الفرنسية	ar-EG:غويانا الفرنسية	ar-EH:غويانا الفرنسية	ar-ER:غويانا الفرنسية	ar-IL:غويانا الفرنسية	ar-IQ:غويانا الفرنسية	ar-JO:غويانا الفرنسية	ar-KM:غويانا الفرنسية	ar-KW:غويانا الفرنسية	ar-LB:غويانا الفرنسية	ar-LY:غويانا الفرنسية
GG	af:Guernsey	af-NA:Guernsey	ak:Guɛnse	am:ጉርነሲ	ar:غيرنزي	ar-AE:غيرنزي	ar-BH:غيرنزي	ar-DJ:غيرنزي	ar-DZ:غيرنزي	ar-EG:غيرنزي	ar-EH:غيرنزي	ar-ER:غيرنزي	ar-IL:غيرنزي	ar-IQ:غيرنزي	ar-JO:غيرنزي	ar-KM:غيرنزي	ar-KW:غيرنزي	ar-LB:غيرنزي	ar-LY:غيرنزي	ar-MA:غيرنزي
GH	af:Ghana	af-NA:Ghana	agq:Gaanà	ak:Gaana	am:ጋና	ar:غانا	ar-AE:غانا	ar-BH:غانا	ar-DJ:غانا	ar-DZ:غانا	ar-EG:غانا	ar-EH:غانا	ar-ER:غانا	ar-IL:غانا	ar-IQ:غانا	ar-JO:غانا	ar-KM:غانا	ar-KW:غانا	ar-LB:غانا	ar-LY:غانا
GI	af:Gibraltar	af-NA:Gibraltar	agq:Dzibɨ̀latà	ak:Gyebralta	am:ጂብራልተር	ar:جبل طارق	ar-AE:جبل طارق	ar-BH:جبل طارق	ar-DJ:جبل طارق	ar-DZ:جبل طارق	ar-EG:جبل طارق	ar-EH:جبل طارق	ar-ER:جبل طارق	ar-IL:جبل طارق	ar-IQ:جبل طارق	ar-JO:جبل طارق	ar-KM:جبل طارق	ar-KW:جبل طارق	ar-LB:جبل طارق	ar-LY:جبل طارق
GL	af:Groenland	af-NA:Groenland	agq:Gɨ̀lenlân	ak:Greenman	am:ግሪንላንድ	ar:غرينلاند	ar-AE:غرينلاند	ar-BH:غرينلاند	ar-DJ:غرينلاند	ar-DZ:غرينلاند	ar-EG:غرينلاند	ar-EH:غرينلاند	ar-ER:غرينلاند	ar-IL:غرينلاند	ar-IQ:غرينلاند	ar-JO:غرينلاند	ar-KM:غرينلاند	ar-KW:غرينلاند	ar-LB:غرينلاند	ar-LY:غرينلاند
GM	af:Gambië	af-NA:Gambië	agq:Gambìa	ak:Gambia	am:ጋምቢያ	ar:غامبيا	ar-AE:غامبيا	ar-BH:غامبيا	ar-DJ:غامبيا	ar-DZ:غامبيا	ar-EG:غامبيا	ar-EH:غامبيا	ar-ER:غامبيا	ar-IL:غامبيا	ar-IQ:غامبيا	ar-JO:غامبيا	ar-KM:غامبيا	ar-KW:غامبيا	ar-LB:غامبيا	ar-LY:غامبيا
GN	af:Guinee	af-NA:Guinee	agq:Ginè	ak:Gini	am:ጊኒ	ar:غينيا	ar-AE:غينيا	ar-BH:غينيا	ar-DJ:غينيا	ar-DZ:غينيا	ar-EG:غينيا	ar-EH:غينيا	ar-ER:غينيا	ar-IL:غينيا	ar-IQ:غينيا	ar-JO:غينيا	ar-KM:غينيا	ar-KW:غينيا	ar-LB:غينيا	ar-LY:غينيا
GP	af:Guadeloupe	af-NA:Guadeloupe	agq:Gwadalukpɛ̀	ak:Guwadelup	am:ጉዋደሉፕ	ar:غوادلوب	ar-AE:غوادلوب	ar-BH:غوادلوب	ar-DJ:غوادلوب	ar-DZ:غوادلوب	ar-EG:غوادلوب	ar-EH:غوادلوب	ar-ER:غوادلوب	ar-IL:غوادلوب	ar-IQ:غوادلوب	ar-JO:غوادلوب	ar-KM:غوادلوب	ar-KW:غوادلوب	ar-LB:غوادلوب	ar-LY:غوادلوب
GQ	af:Ekwatoriaal-Guinee	af-NA:Ekwatoriaal-Guinee	agq:Èkwɛ̀tolia Ginè	ak:Gini Ikuweta	am:ኢኳቶሪያል ጊኒ	ar:غينيا الاستوائية	ar-AE:غينيا الاستوائية	ar-BH:غينيا الاستوائية	ar-DJ:غينيا الاستوائية	ar-DZ:غينيا الاستوائية	ar-EG:غينيا الاستوائية	ar-EH:غينيا الاستوائية	ar-ER:غينيا الاستوائية	ar-IL:غينيا الاستوائية	ar-IQ:غينيا الاستوائية	ar-JO:غينيا الاستوائية	ar-KM:غينيا الاستوائية	ar-KW:غينيا الاستوائية	ar-LB:غينيا الاستوائية	ar-LY:غينيا الاستوائية
GR	af:Griekeland	af-NA:Griekeland	agq:Gɨ̀lês	ak:Greekman	am:ግሪክ	ar:اليونان	ar-AE:اليونان	ar-BH:اليونان	ar-DJ:اليونان	ar-DZ:اليونان	ar-EG:اليونان	ar-EH:اليونان	ar-ER:اليونان	ar-IL:اليونان	ar-IQ:اليونان	ar-JO:اليونان	ar-KM:اليونان	ar-KW:اليونان	ar-LB:اليونان	ar-LY:اليونان
GS	af:Suid-Georgië en die Suidelike Sandwicheilande	af-NA:Suid-Georgië en die Suidelike Sandwicheilande	ak:Gyɔɔgyia Anaafoɔ ne Sandwich Aeland Anaafoɔ	am:ደቡብ ጆርጂያ እና የደቡብ ሳንድዊች ደሴቶች	ar:جورجيا الجنوبية وجزر ساندويتش الجنوبية	ar-AE:جورجيا الجنوبية وجزر ساندويتش الجنوبية	ar-BH:جورجيا الجنوبية وجزر ساندويتش الجنوبية	ar-DJ:جورجيا الجنوبية وجزر ساندويتش الجنوبية	ar-DZ:جورجيا الجنوبية وجزر ساندويتش الجنوبية	ar-EG:جورجيا الجنوبية وجزر ساندويتش الجنوبية	ar-EH:جورجيا الجنوبية وجزر ساندويتش الجنوبية	ar-ER:جورجيا الجنوبية وجزر ساندويتش الجنوبية	ar-IL:جورجيا الجنوبية وجزر ساندويتش الجنوبية	ar-IQ:جورجيا الجنوبية وجزر ساندويتش الجنوبية	ar-JO:جورجيا الجنوبية وجزر ساندويتش الجنوبية	ar-KM:جورجيا الجنوبية وجزر ساندويتش الجنوبية	ar-KW:جورجيا الجنوبية وجزر ساندويتش الجنوبية	ar-LB:جورجيا الجنوبية وجزر ساندويتش الجنوبية	ar-LY:جورجيا الجنوبية وجزر ساندويتش الجنوبية	ar-MA:جورجيا الجنوبية وجزر ساندويتش الجنوبية
GT	af:Guatemala	af-NA:Guatemala	agq:Gwàtɨ̀malà	ak:Guwatemala	am:ጉዋቲማላ	ar:غواتيمالا	ar-AE:غواتيمالا	ar-BH:غواتيمالا	ar-DJ:غواتيمالا	ar-DZ:غواتيمالا	ar-EG:غواتيمالا	ar-EH:غواتيمالا	ar-ER:غواتيمالا	ar-IL:غواتيمالا	ar-IQ:غواتيمالا	ar-JO:غواتيمالا	ar-KM:غواتيمالا	ar-KW:غواتيمالا	ar-LB:غواتيمالا	ar-LY:غواتيمالا
GU	af:Guam	af-NA:Guam	agq:Gwam	ak:Guam	am:ጉዋም	ar:غوام	ar-AE:غوام	ar-BH:غوام	ar-DJ:غوام	ar-DZ:غوام	ar-EG:غوام	ar-EH:غوام	ar-ER:غوام	ar-IL:غوام	ar-IQ:غوام	ar-JO:غوام	ar-KM:غوام	ar-KW:غوام	ar-LB:غوام	ar-LY:غوام
GW	af:Guinee-Bissau	af-NA:Guinee-Bissau	agq:Ginè Bìsawù	ak:Gini Bisaw	am:ጊኒ-ቢሳው	ar:غينيا بيساو	ar-AE:غينيا بيساو	ar-BH:غينيا بيساو	ar-DJ:غينيا بيساو	ar-DZ:غينيا بيساو	ar-EG:غينيا بيساو	ar-EH:غينيا بيساو	ar-ER:غينيا بيساو	ar-IL:غينيا بيساو	ar-IQ:غينيا بيساو	ar-JO:غينيا بيساو	ar-KM:غينيا بيساو	ar-KW:غينيا بيساو	ar-LB:غينيا بيساو	ar-LY:غينيا بيساو
GY	af:Guyana	af-NA:Guyana	agq:Gùyanà	ak:Gayana	am:ጉያና	ar:غيانا	ar-AE:غيانا	ar-BH:غيانا	ar-DJ:غيانا	ar-DZ:غيانا	ar-EG:غيانا	ar-EH:غيانا	ar-ER:غيانا	ar-IL:غيانا	ar-IQ:غيانا	ar-JO:غيانا	ar-KM:غيانا	ar-KW:غيانا	ar-LB:غيانا	ar-LY:غيانا
HK	af:Hongkong SAS China	af-NA:Hongkong SAS China	ak:Hɔnkɔn Kyaena	am:ሆንግ ኮንግ ልዩ የአስተዳደር ክልል ቻይና	ar:هونغ كونغ الصينية (منطقة إدارية خاصة)	ar-AE:هونغ كونغ الصينية (منطقة إدارية خاصة)	ar-BH:هونغ كونغ الصينية (منطقة إدارية خاصة)	ar-DJ:هونغ كونغ الصينية (منطقة إدارية خاصة)	ar-DZ:هونغ كونغ الصينية (منطقة إدارية خاصة)	ar-EG:هونغ كونغ الصينية (منطقة إدارية خاصة)	ar-EH:هونغ كونغ الصينية (منطقة إدارية خاصة)	ar-ER:هونغ كونغ الصينية (منطقة إدارية خاصة)	ar-IL:هونغ كونغ الصينية (منطقة إدارية خاصة)	ar-IQ:هونغ كونغ الصينية (منطقة إدارية خاصة)	ar-JO:هونغ كونغ الصينية (منطقة إدارية خاصة)	ar-KM:هونغ كونغ الصينية (منطقة إدارية خاصة)	ar-KW:هونغ كونغ الصينية (منطقة إدارية خاصة)	ar-LB:هونغ كونغ الصينية (منطقة إدارية خاصة)	ar-LY:هونغ كونغ الصينية (منطقة إدارية خاصة)	ar-MA:هونغ كونغ الصينية (منطقة إدارية خاصة)
HM	af:Heardeiland en McDonaldeilande	af-NA:Heardeiland en McDonaldeilande	ak:Heard ne McDonald Supɔ	am:ኽርድ ኣና ማክዶናልድ ደሴቶች	ar:جزيرة هيرد وجزر ماكدونالد	ar-AE:جزيرة هيرد وجزر ماكدونالد	ar-BH:جزيرة هيرد وجزر ماكدونالد	ar-DJ:جزيرة هيرد وجزر ماكدونالد	ar-DZ:جزيرة هيرد وجزر ماكدونالد	ar-EG:جزيرة هيرد وجزر ماكدونالد	ar-EH:جزيرة هيرد وجزر ماكدونالد	ar-ER:جزيرة هيرد وجزر ماكدونالد	ar-IL:جزيرة هيرد وجزر ماكدونالد	ar-IQ:جزيرة هيرد وجزر ماكدونالد	ar-JO:جزيرة هيرد وجزر ماكدونالد	ar-KM:جزيرة هيرد وجزر ماكدونالد	ar-KW:جزيرة هيرد وجزر ماكدونالد	ar-LB:جزيرة هيرد وجزر ماكدونالد	ar-LY:جزيرة هيرد وجزر ماكدونالد	ar-MA:جزيرة هيرد وجزر ماكدونالد
HN	af:Honduras	af-NA:Honduras	agq:Hɔndulàs	ak:Hɔnduras	am:ሆንዱራስ	ar:هندوراس	ar-AE:هندوراس	ar-BH:هندوراس	ar-DJ:هندوراس	ar-DZ:هندوراس	ar-EG:هندوراس	ar-EH:هندوراس	ar-ER:هندوراس	ar-IL:هندوراس	ar-IQ:هندوراس	ar-JO:هندوراس	ar-KM:هندوراس	ar-KW:هندوراس	ar-LB:هندوراس	ar-LY:هندوراس
HR	af:Kroasië	af-NA:Kroasië	agq:Kòwɛshìa	ak:Krowehyia	am:ክሮኤሽያ	ar:كرواتيا	ar-AE:كرواتيا	ar-BH:كرواتيا	ar-DJ:كرواتيا	ar-DZ:كرواتيا	ar-EG:كرواتيا	ar-EH:كرواتيا	ar-ER:كرواتيا	ar-IL:كرواتيا	ar-IQ:كرواتيا	ar-JO:كرواتيا	ar-KM:كرواتيا	ar-KW:كرواتيا	ar-LB:كرواتيا	ar-LY:كرواتيا
HT	af:Haïti	af-NA:Haïti	agq:Hǎetì	ak:Heiti	am:ሀይቲ	ar:هايتي	ar-AE:هايتي	ar-BH:هايتي	ar-DJ:هايتي	ar-DZ:هايتي	ar-EG:هايتي	ar-EH:هايتي	ar-ER:هايتي	ar-IL:هايتي	ar-IQ:هايتي	ar-JO:هايتي	ar-KM:هايتي	ar-KW:هايتي	ar-LB:هايتي	ar-LY:هايتي
HU	af:Hongarye	af-NA:Hongarye	agq:Hɔŋgàlè	ak:Hangari	am:ሀንጋሪ	ar:هنغاريا	ar-AE:هنغاريا	ar-BH:هنغاريا	ar-DJ:هنغاريا	ar-DZ:هنغاريا	ar-EG:هنغاريا	ar-EH:هنغاريا	ar-ER:هنغاريا	ar-IL:هنغاريا	ar-IQ:هنغاريا	ar-JO:هنغاريا	ar-KM:هنغاريا	ar-KW:هنغاريا	ar-LB:هنغاريا	ar-LY:هنغاريا
IC	af:Kanariese Eilande	af-NA:Kanariese Eilande	ak:Canary Islands	am:የካናሪ ደሴቶች	ar:جزر الكناري	ar-AE:جزر الكناري	ar-BH:جزر الكناري	ar-DJ:جزر الكناري	ar-DZ:جزر الكناري	ar-EG:جزر الكناري	ar-EH:جزر الكناري	ar-ER:جزر الكناري	ar-IL:جزر الكناري	ar-IQ:جزر الكناري	ar-JO:جزر الكناري	ar-KM:جزر الكناري	ar-KW:جزر الكناري	ar-LB:جزر الكناري	ar-LY:جزر الكناري	ar-MA:جزر الكناري
ID	af:Indonesië	af-NA:Indonesië	agq:Èndòneshìa	ak:Ndoniihyia	am:ኢንዶኔዢያ	ar:إندونيسيا	ar-AE:إندونيسيا	ar-BH:إندونيسيا	ar-DJ:إندونيسيا	ar-DZ:إندونيسيا	ar-EG:إندونيسيا	ar-EH:إندونيسيا	ar-ER:إندونيسيا	ar-IL:إندونيسيا	ar-IQ:إندونيسيا	ar-JO:إندونيسيا	ar-KM:إندونيسيا	ar-KW:إندونيسيا	ar-LB:إندونيسيا	ar-LY:إندونيسيا
IE	af:Ierland	af-NA:Ierland	agq:Aelɨ̀lân	ak:Aereland	am:አየርላንድ	ar:أيرلندا	ar-AE:أيرلندا	ar-BH:أيرلندا	ar-DJ:أيرلندا	ar-DZ:أيرلندا	ar-EG:أيرلندا	ar-EH:أيرلندا	ar-ER:أيرلندا	ar-IL:أيرلندا	ar-IQ:أيرلندا	ar-JO:أيرلندا	ar-KM:أيرلندا	ar-KW:أيرلندا	ar-LB:أيرلندا	ar-LY:أيرلندا
IL	af:Israel	af-NA:Israel	agq:Ezɨ̀lɛ̂	ak:Israe	am:እስራኤል	ar:إسرائيل	ar-AE:إسرائيل	ar-BH:إسرائيل	ar-DJ:إسرائيل	ar-DZ:إسرائيل	ar-EG:إسرائيل	ar-EH:إسرائيل	ar-ER:إسرائيل	ar-IL:إسرائيل	ar-IQ:إسرائيل	ar-JO:إسرائيل	ar-KM:إسرائيل	ar-KW:إسرائيل	ar-LB:إسرائيل	ar-LY:إسرائيل
IM	af:Eiland Man	af-NA:Eiland Man	ak:Isle of Man	am:አይል ኦፍ ማን	ar:جزيرة مان	ar-AE:جزيرة مان	ar-BH:جزيرة مان	ar-DJ:جزيرة مان	ar-DZ:جزيرة مان	ar-EG:جزيرة مان	ar-EH:جزيرة مان	ar-ER:جزيرة مان	ar-IL:جزيرة مان	ar-IQ:جزيرة مان	ar-JO:جزيرة مان	ar-KM:جزيرة مان	ar-KW:جزيرة مان	ar-LB:جزيرة مان	ar-LY:جزيرة مان	ar-MA:جزيرة مان
IN	af:Indië	af-NA:Indië	agq:Endìa	ak:India	am:ህንድ	ar:الهند	ar-AE:الهند	ar-BH:الهند	ar-DJ:الهند	ar-DZ:الهند	ar-EG:الهند	ar-EH:الهند	ar-ER:الهند	ar-IL:الهند	ar-IQ:الهند	ar-JO:الهند	ar-KM:الهند	ar-KW:الهند	ar-LB:الهند	ar-LY:الهند
IO	af:Brits-Indiese Oseaangebied	af-NA:Brits-Indiese Oseaangebied	ak:Britenfo Man Wɔ India Po No Mu	am:የብሪታኒያ ህንድ ውቂያኖስ ግዛት	ar:الإقليم البريطاني في المحيط الهندي	ar-AE:الإقليم البريطاني في المحيط الهندي	ar-BH:الإقليم البريطاني في المحيط الهندي	ar-DJ:الإقليم البريطاني في المحيط الهندي	ar-DZ:الإقليم البريطاني في المحيط الهندي	ar-EG:الإقليم البريطاني في المحيط الهندي	ar-EH:الإقليم البريطاني في المحيط الهندي	ar-ER:الإقليم البريطاني في المحيط الهندي	ar-IL:الإقليم البريطاني في المحيط الهندي	ar-IQ:الإقليم البريطاني في المحيط الهندي	ar-JO:الإقليم البريطاني في المحيط الهندي	ar-KM:الإقليم البريطاني في المحيط الهندي	ar-KW:الإقليم البريطاني في المحيط الهندي	ar-LB:الإقليم البريطاني في المحيط الهندي	ar-LY:الإقليم البريطاني في المحيط الهندي	ar-MA:الإقليم البريطاني في المحيط الهندي
IQ	af:Irak	af-NA:Irak	agq:Èlâkɨ̀	ak:Irak	am:ኢራቅ	ar:العراق	ar-AE:العراق	ar-BH:العراق	ar-DJ:العراق	ar-DZ:العراق	ar-EG:العراق	ar-EH:العراق	ar-ER:العراق	ar-IL:العراق	ar-IQ:العراق	ar-JO:العراق	ar-KM:العراق	ar-KW:العراق	ar-LB:العراق	ar-LY:العراق
IR	af:Iran	af-NA:Iran	agq:Èlân	ak:Yiran	am:ኢራን	ar:إيران	ar-AE:إيران	ar-BH:إيران	ar-DJ:إيران	ar-DZ:إيران	ar-EG:إيران	ar-EH:إيران	ar-ER:إيران	ar-IL:إيران	ar-IQ:إيران	ar-JO:إيران	ar-KM:إيران	ar-KW:إيران	ar-LB:إيران	ar-LY:إيران
IS	af:Ysland	af-NA:Ysland	agq:Aesɨ̀lân	ak:Aesland	am:አይስላንድ	ar:آيسلندا	ar-AE:آيسلندا	ar-BH:آيسلندا	ar-DJ:آيسلندا	ar-DZ:آيسلندا	ar-EG:آيسلندا	ar-EH:آيسلندا	ar-ER:آيسلندا	ar-IL:آيسلندا	ar-IQ:آيسلندا	ar-JO:آيسلندا	ar-KM:آيسلندا	ar-KW:آيسلندا	ar-LB:آيسلندا	ar-LY:آيسلندا
IT	af:Italië	af-NA:Italië	agq:Etalè	ak:Itali	am:ጣሊያን	ar:إيطاليا	ar-AE:إيطاليا	ar-BH:إيطاليا	ar-DJ:إيطاليا	ar-DZ:إيطاليا	ar-EG:إيطاليا	ar-EH:إيطاليا	ar-ER:إيطاليا	ar-IL:إيطاليا	ar-IQ:إيطاليا	ar-JO:إيطاليا	ar-KM:إيطاليا	ar-KW:إيطاليا	ar-LB:إيطاليا	ar-LY:إيطاليا
JE	af:Jersey	af-NA:Jersey	ak:Gyɛsi	am:ጀርዚ	ar:جيرسي	ar-AE:جيرسي	ar-BH:جيرسي	ar-DJ:جيرسي	ar-DZ:جيرسي	ar-EG:جيرسي	ar-EH:جيرسي	ar-ER:جيرسي	ar-IL:جيرسي	ar-IQ:جيرسي	ar-JO:جيرسي	ar-KM:جيرسي	ar-KW:جيرسي	ar-LB:جيرسي	ar-LY:جيرسي	ar-MA:جيرسي
JM	af:Jamaika	af-NA:Jamaika	agq:Dzàmɛkà	ak:Gyameka	am:ጃማይካ	ar:جامايكا	ar-AE:جامايكا	ar-BH:جامايكا	ar-DJ:جامايكا	ar-DZ:جامايكا	ar-EG:جامايكا	ar-EH:جامايكا	ar-ER:جامايكا	ar-IL:جامايكا	ar-IQ:جامايكا	ar-JO:جامايكا	ar-KM:جامايكا	ar-KW:جامايكا	ar-LB:جامايكا	ar-LY:جامايكا
JO	af:Jordanië	af-NA:Jordanië	agq:Dzodàn	ak:Gyɔdan	am:ጆርዳን	ar:الأردن	ar-AE:الأردن	ar-BH:الأردن	ar-DJ:الأردن	ar-DZ:الأردن	ar-EG:الأردن	ar-EH:الأردن	ar-ER:الأردن	ar-IL:الأردن	ar-IQ:الأردن	ar-JO:الأردن	ar-KM:الأردن	ar-KW:الأردن	ar-LB:الأردن	ar-LY:الأردن
JP	af:Japan	af-NA:Japan	agq:Dzàkpân	ak:Gyapan	am:ጃፓን	ar:اليابان	ar-AE:اليابان	ar-BH:اليابان	ar-DJ:اليابان	ar-DZ:اليابان	ar-EG:اليابان	ar-EH:اليابان	ar-ER:اليابان	ar-IL:اليابان	ar-IQ:اليابان	ar-JO:اليابان	ar-KM:اليابان	ar-KW:اليابان	ar-LB:اليابان	ar-LY:اليابان
KE	af:Kenia	af-NA:Kenia	agq:Kɨnyà	ak:Kenya	am:ኬንያ	ar:كينيا	ar-AE:كينيا	ar-BH:كينيا	ar-DJ:كينيا	ar-DZ:كينيا	ar-EG:كينيا	ar-EH:كينيا	ar-ER:كينيا	ar-IL:كينيا	ar-IQ:كينيا	ar-JO:كينيا	ar-KM:كينيا	ar-KW:كينيا	ar-LB:كينيا	ar-LY:كينيا
KG	af:Kirgistan	af-NA:Kirgistan	agq:Kìdzisɨ̀tân	ak:Kɛɛgestan	am:ኪርጊስታን	ar:قيرغيزستان	ar-AE:قيرغيزستان	ar-BH:قيرغيزستان	ar-DJ:قيرغيزستان	ar-DZ:قيرغيزستان	ar-EG:قيرغيزستان	ar-EH:قيرغيزستان	ar-ER:قيرغيزستان	ar-IL:قيرغيزستان	ar-IQ:قيرغيزستان	ar-JO:قيرغيزستان	ar-KM:قيرغيزستان	ar-KW:قيرغيزستان	ar-LB:قيرغيزستان	ar-LY:قيرغيزستان
KH	af:Kambodja	af-NA:Kambodja	agq:Kàmbodìa	ak:Kambodia	am:ካምቦዲያ	ar:كمبوديا	ar-AE:كمبوديا	ar-BH:كمبوديا	ar-DJ:كمبوديا	ar-DZ:كمبوديا	ar-EG:كمبوديا	ar-EH:كمبوديا	ar-ER:كمبوديا	ar-IL:كمبوديا	ar-IQ:كمبوديا	ar-JO:كمبوديا	ar-KM:كمبوديا	ar-KW:كمبوديا	ar-LB:كمبوديا	ar-LY:كمبوديا
KI	af:Kiribati	af-NA:Kiribati	agq:Kèlèbati	ak:Kiribati	am:ኪሪባቲ	ar:كيريباتي	ar-AE:كيريباتي	ar-BH:كيريباتي	ar-DJ:كيريباتي	ar-DZ:كيريباتي	ar-EG:كيريباتي	ar-EH:كيريباتي	ar-ER:كيريباتي	ar-IL:كيريباتي	ar-IQ:كيريباتي	ar-JO:كيريباتي	ar-KM:كيريباتي	ar-KW:كيريباتي	ar-LB:كيريباتي	ar-LY:كيريباتي
KM	af:Comore	af-NA:Comore	agq:Komolòs	ak:Kɔmɔrɔs	am:ኮሞሮስ	ar:جزر القمر	ar-AE:جزر القمر	ar-BH:جزر القمر	ar-DJ:جزر القمر	ar-DZ:جزر القمر	ar-EG:جزر القمر	ar-EH:جزر القمر	ar-ER:جزر القمر	ar-IL:جزر القمر	ar-IQ:جزر القمر	ar-JO:جزر القمر	ar-KM:جزر القمر	ar-KW:جزر القمر	ar-LB:جزر القمر	ar-LY:جزر القمر
KN	af:Sint Kitts en Nevis	af-NA:Sint Kitts en Nevis	agq:Sɛ̀n Kî à Nevì	ak:Saint Kitts ne Nevis	am:ቅዱስ ኪትስ እና ኔቪስ	ar:سانت كيتس ونيفيس	ar-AE:سانت كيتس ونيفيس	ar-BH:سانت كيتس ونيفيس	ar-DJ:سانت كيتس ونيفيس	ar-DZ:سانت كيتس ونيفيس	ar-EG:سانت كيتس ونيفيس	ar-EH:سانت كيتس ونيفيس	ar-ER:سانت كيتس ونيفيس	ar-IL:سانت كيتس ونيفيس	ar-IQ:سانت كيتس ونيفيس	ar-JO:سانت كيتس ونيفيس	ar-KM:سانت كيتس ونيفيس	ar-KW:سانت كيتس ونيفيس	ar-LB:سانت كيتس ونيفيس	ar-LY:سانت كيتس ونيفيس
KP	af:Noord-Korea	af-NA:Noord-Korea	agq:Kùulîa, Ekùw	ak:Korea Atifi	am:ሰሜን ኮሪያ	ar:كوريا الشمالية	ar-AE:كوريا الشمالية	ar-BH:كوريا الشمالية	ar-DJ:كوريا الشمالية	ar-DZ:كوريا الشمالية	ar-EG:كوريا الشمالية	ar-EH:كوريا الشمالية	ar-ER:كوريا الشمالية	ar-IL:كوريا الشمالية	ar-IQ:كوريا الشمالية	ar-JO:كوريا الشمالية	ar-KM:كوريا الشمالية	ar-KW:كوريا الشمالية	ar-LB:كوريا الشمالية	ar-LY:كوريا الشمالية
KR	af:Suid-Korea	af-NA:Suid-Korea	agq:Kùulîa, Emàm	ak:Korea Anaafoɔ	am:ደቡብ ኮሪያ	ar:كوريا الجنوبية	ar-AE:كوريا الجنوبية	ar-BH:كوريا الجنوبية	ar-DJ:كوريا الجنوبية	ar-DZ:كوريا الجنوبية	ar-EG:كوريا الجنوبية	ar-EH:كوريا الجنوبية	ar-ER:كوريا الجنوبية	ar-IL:كوريا الجنوبية	ar-IQ:كوريا الجنوبية	ar-JO:كوريا الجنوبية	ar-KM:كوريا الجنوبية	ar-KW:كوريا الجنوبية	ar-LB:كوريا الجنوبية	ar-LY:كوريا الجنوبية
KW	af:Koeweit	af-NA:Koeweit	agq:Kùwɛ̂	ak:Kuweti	am:ኩዌት	ar:الكويت	ar-AE:الكويت	ar-BH:الكويت	ar-DJ:الكويت	ar-DZ:الكويت	ar-EG:الكويت	ar-EH:الكويت	ar-ER:الكويت	ar-IL:الكويت	ar-IQ:الكويت	ar-JO:الكويت	ar-KM:الكويت	ar-KW:الكويت	ar-LB:الكويت	ar-LY:الكويت
KY	af:Kaaimanseilande	af-NA:Kaaimanseilande	agq:Chwɨlà ŋ̀ Kaemàn	ak:Kemanfo Islands	am:ካይማን ደሴቶች	ar:جزر كايمان	ar-AE:جزر كايمان	ar-BH:جزر كايمان	ar-DJ:جزر كايمان	ar-DZ:جزر كايمان	ar-EG:جزر كايمان	ar-EH:جزر كايمان	ar-ER:جزر كايمان	ar-IL:جزر كايمان	ar-IQ:جزر كايمان	ar-JO:جزر كايمان	ar-KM:جزر كايمان	ar-KW:جزر كايمان	ar-LB:جزر كايمان	ar-LY:جزر كايمان
KZ	af:Kazakstan	af-NA:Kazakstan	agq:Kàzasɨ̀tân	ak:Kazakstan	am:ካዛኪስታን	ar:كازاخستان	ar-AE:كازاخستان	ar-BH:كازاخستان	ar-DJ:كازاخستان	ar-DZ:كازاخستان	ar-EG:كازاخستان	ar-EH:كازاخستان	ar-ER:كازاخستان	ar-IL:كازاخستان	ar-IQ:كازاخستان	ar-JO:كازاخستان	ar-KM:كازاخستان	ar-KW:كازاخستان	ar-LB:كازاخستان	ar-LY:كازاخستان
LA	af:Laos	af-NA:Laos	agq:Làwos	ak:Laos	am:ላኦስ	ar:لاوس	ar-AE:لاوس	ar-BH:لاوس	ar-DJ:لاوس	ar-DZ:لاوس	ar-EG:لاوس	ar-EH:لاوس	ar-ER:لاوس	ar-IL:لاوس	ar-IQ:لاوس	ar-JO:لاوس	ar-KM:لاوس	ar-KW:لاوس	ar-LB:لاوس	ar-LY:لاوس
LB	af:Libanon	af-NA:Libanon	agq:Lɛbanè	ak:Lɛbanɔn	am:ሊባኖስ	ar:لبنان	ar-AE:لبنان	ar-BH:لبنان	ar-DJ:لبنان	ar-DZ:لبنان	ar-EG:لبنان	ar-EH:لبنان	ar-ER:لبنان	ar-IL:لبنان	ar-IQ:لبنان	ar-JO:لبنان	ar-KM:لبنان	ar-KW:لبنان	ar-LB:لبنان	ar-LY:لبنان
LC	af:Sint Lucia	af-NA:Sint Lucia	agq:Sɛ̀n Lushìa	ak:Saint Lucia	am:ሴንት ሉቺያ	ar:سانت لوسيا	ar-AE:سانت لوسيا	ar-BH:سانت لوسيا	ar-DJ:سانت لوسيا	ar-DZ:سانت لوسيا	ar-EG:سانت لوسيا	ar-EH:سانت لوسيا	ar-ER:سانت لوسيا	ar-IL:سانت لوسيا	ar-IQ:سانت لوسيا	ar-JO:سانت لوسيا	ar-KM:سانت لوسيا	ar-KW:سانت لوسيا	ar-LB:سانت لوسيا	ar-LY:سانت لوسيا
LI	af:Liechtenstein	af-NA:Liechtenstein	agq:Letɨnshɨ̀n	ak:Lektenstaen	am:ሊችተንስታይን	ar:ليختنشتاين	ar-AE:ليختنشتاين	ar-BH:ليختنشتاين	ar-DJ:ليختنشتاين	ar-DZ:ليختنشتاين	ar-EG:ليختنشتاين	ar-EH:ليختنشتاين	ar-ER:ليختنشتاين	ar-IL:ليختنشتاين	ar-IQ:ليختنشتاين	ar-JO:ليختنشتاين	ar-KM:ليختنشتاين	ar-KW:ليختنشتاين	ar-LB:ليختنشتاين	ar-LY:ليختنشتاين
LK	af:Sri Lanka	af-NA:Sri Lanka	agq:Sɨ̀le Laŋkà	ak:Sri Lanka	am:ሲሪላንካ	ar:سريلانكا	ar-AE:سريلانكا	ar-BH:سريلانكا	ar-DJ:سريلانكا	ar-DZ:سريلانكا	ar-EG:سريلانكا	ar-EH:سريلانكا	ar-ER:سريلانكا	ar-IL:سريلانكا	ar-IQ:سريلانكا	ar-JO:سريلانكا	ar-KM:سريلانكا	ar-KW:سريلانكا	ar-LB:سريلانكا	ar-LY:سريلانكا
LR	af:Liberië	af-NA:Liberië	agq:Làebɛlìa	ak:Laeberia	am:ላይቤሪያ	ar:ليبيريا	ar-AE:ليبيريا	ar-BH:ليبيريا	ar-DJ:ليبيريا	ar-DZ:ليبيريا	ar-EG:ليبيريا	ar-EH:ليبيريا	ar-ER:ليبيريا	ar-IL:ليبيريا	ar-IQ:ليبيريا	ar-JO:ليبيريا	ar-KM:ليبيريا	ar-KW:ليبيريا	ar-LB:ليبيريا	ar-LY:ليبيريا
LS	af:Lesotho	af-NA:Lesotho	agq:Lɛ̀sotù	ak:Lesoto	am:ሌሶቶ	ar:ليسوتو	ar-AE:ليسوتو	ar-BH:ليسوتو	ar-DJ:ليسوتو	ar-DZ:ليسوتو	ar-EG:ليسوتو	ar-EH:ليسوتو	ar-ER:ليسوتو	ar-IL:ليسوتو	ar-IQ:ليسوتو	ar-JO:ليسوتو	ar-KM:ليسوتو	ar-KW:ليسوتو	ar-LB:ليسوتو	ar-LY:ليسوتو
LT	af:Litaue	af-NA:Litaue	agq:Lètwǎnyìa	ak:Lituwenia	am:ሊቱዌኒያ	ar:ليتوانيا	ar-AE:ليتوانيا	ar-BH:ليتوانيا	ar-DJ:ليتوانيا	ar-DZ:ليتوانيا	ar-EG:ليتوانيا	ar-EH:ليتوانيا	ar-ER:ليتوانيا	ar-IL:ليتوانيا	ar-IQ:ليتوانيا	ar-JO:ليتوانيا	ar-KM:ليتوانيا	ar-KW:ليتوانيا	ar-LB:ليتوانيا	ar-LY:ليتوانيا
LU	af:Luxemburg	af-NA:Luxemburg	agq:Luzɨmbùʔ	ak:Lusimbɛg	am:ሉክሰምበርግ	ar:لوكسمبورغ	ar-AE:لوكسمبورغ	ar-BH:لوكسمبورغ	ar-DJ:لوكسمبورغ	ar-DZ:لوكسمبورغ	ar-EG:لوكسمبورغ	ar-EH:لوكسمبورغ	ar-ER:لوكسمبورغ	ar-IL:لوكسمبورغ	ar-IQ:لوكسمبورغ	ar-JO:لوكسمبورغ	ar-KM:لوكسمبورغ	ar-KW:لوكسمبورغ	ar-LB:لوكسمبورغ	ar-LY:لوكسمبورغ
LV	af:Letland	af-NA:Letland	agq:Làtɨva	ak:Latvia	am:ላትቪያ	ar:لاتفيا	ar-AE:لاتفيا	ar-BH:لاتفيا	ar-DJ:لاتفيا	ar-DZ:لاتفيا	ar-EG:لاتفيا	ar-EH:لاتفيا	ar-ER:لاتفيا	ar-IL:لاتفيا	ar-IQ:لاتفيا	ar-JO:لاتفيا	ar-KM:لاتفيا	ar-KW:لاتفيا	ar-LB:لاتفيا	ar-LY:لاتفيا
LY	af:Libië	af-NA:Libië	agq:Lebìa	ak:Libya	am:ሊቢያ	ar:ليبيا	ar-AE:ليبيا	ar-BH:ليبيا	ar-DJ:ليبيا	ar-DZ:ليبيا	ar-EG:ليبيا	ar-EH:ليبيا	ar-ER:ليبيا	ar-IL:ليبيا	ar-IQ:ليبيا	ar-JO:ليبيا	ar-KM:ليبيا	ar-KW:ليبيا	ar-LB:ليبيا	ar-LY:ليبيا
MA	af:Marokko	af-NA:Marokko	agq:Mòlokò	ak:Moroko	am:ሞሮኮ	ar:المغرب	ar-AE:المغرب	ar-BH:المغرب	ar-DJ:المغرب	ar-DZ:المغرب	ar-EG:المغرب	ar-EH:المغرب	ar-ER:المغرب	ar-IL:المغرب	ar-IQ:المغرب	ar-JO:المغرب	ar-KM:المغرب	ar-KW:المغرب	ar-LB:المغرب	ar-LY:المغرب
MC	af:Monaco	af-NA:Monaco	agq:Mùnaku	ak:Monako	am:ሞናኮ	ar:موناكو	ar-AE:موناكو	ar-BH:موناكو	ar-DJ:موناكو	ar-DZ:موناكو	ar-EG:موناكو	ar-EH:موناكو	ar-ER:موناكو	ar-IL:موناكو	ar-IQ:موناكو	ar-JO:موناكو	ar-KM:موناكو	ar-KW:موناكو	ar-LB:موناكو	ar-LY:موناكو
MD	af:Moldowa	af-NA:Moldowa	agq:Mòodovà	ak:Mɔldova	am:ሞልዶቫ	ar:مولدوفا	ar-AE:مولدوفا	ar-BH:مولدوفا	ar-DJ:مولدوفا	ar-DZ:مولدوفا	ar-EG:مولدوفا	ar-EH:مولدوفا	ar-ER:مولدوفا	ar-IL:مولدوفا	ar-IQ:مولدوفا	ar-JO:مولدوفا	ar-KM:مولدوفا	ar-KW:مولدوفا	ar-LB:مولدوفا	ar-LY:مولدوفا
ME	af:Montenegro	af-NA:Montenegro	ak:Mɔntenegro	am:ሞንተኔግሮ	ar:الجبل الأسود	ar-AE:الجبل الأسود	ar-BH:الجبل الأسود	ar-DJ:الجبل الأسود	ar-DZ:الجبل الأسود	ar-EG:الجبل الأسود	ar-EH:الجبل الأسود	ar-ER:الجبل الأسود	ar-IL:الجبل الأسود	ar-IQ:الجبل الأسود	ar-JO:الجبل الأسود	ar-KM:الجبل الأسود	ar-KW:الجبل الأسود	ar-LB:الجبل الأسود	ar-LY:الجبل الأسود	ar-MA:الجبل الأسود
MF	af:Sint Martin	af-NA:Sint Martin	ak:St. Maatin	am:ሴንት ማርቲን	ar:سان مارتن	ar-AE:سان مارتن	ar-BH:سان مارتن	ar-DJ:سان مارتن	ar-DZ:سان مارتن	ar-EG:سان مارتن	ar-EH:سان مارتن	ar-ER:سان مارتن	ar-IL:سان مارتن	ar-IQ:سان مارتن	ar-JO:سان مارتن	ar-KM:سان مارتن	ar-KW:سان مارتن	ar-LB:سان مارتن	ar-LY:سان مارتن	ar-MA:سان مارتن
MG	af:Madagaskar	af-NA:Madagaskar	agq:Màdàgasɨkà	ak:Madagaska	am:ማዳጋስካር	ar:مدغشقر	ar-AE:مدغشقر	ar-BH:مدغشقر	ar-DJ:مدغشقر	ar-DZ:مدغشقر	ar-EG:مدغشقر	ar-EH:مدغشقر	ar-ER:مدغشقر	ar-IL:مدغشقر	ar-IQ:مدغشقر	ar-JO:مدغشقر	ar-KM:مدغشقر	ar-KW:مدغشقر	ar-LB:مدغشقر	ar-LY:مدغشقر
MH	af:Marshalleilande	af-NA:Marshalleilande	agq:Chwɨlà fɨ Mashà	ak:Mahyaa Aeland	am:ማርሻል ደሴቶች	ar:جزر مارشال	ar-AE:جزر مارشال	ar-BH:جزر مارشال	ar-DJ:جزر مارشال	ar-DZ:جزر مارشال	ar-EG:جزر مارشال	ar-EH:جزر مارشال	ar-ER:جزر مارشال	ar-IL:جزر مارشال	ar-IQ:جزر مارشال	ar-JO:جزر مارشال	ar-KM:جزر مارشال	ar-KW:جزر مارشال	ar-LB:جزر مارشال	ar-LY:جزر مارشال
MK	af:Noord-Macedonië	af-NA:Noord-Macedonië	ak:Mesidonia Atifi	am:ሰሜን መቄዶንያ	ar:مقدونيا الشمالية	ar-AE:مقدونيا الشمالية	ar-BH:مقدونيا الشمالية	ar-DJ:مقدونيا الشمالية	ar-DZ:مقدونيا الشمالية	ar-EG:مقدونيا الشمالية	ar-EH:مقدونيا الشمالية	ar-ER:مقدونيا الشمالية	ar-IL:مقدونيا الشمالية	ar-IQ:مقدونيا الشمالية	ar-JO:مقدونيا الشمالية	ar-KM:مقدونيا الشمالية	ar-KW:مقدونيا الشمالية	ar-LB:مقدونيا الشمالية	ar-LY:مقدونيا الشمالية	ar-MA:مقدونيا الشمالية
ML	af:Mali	af-NA:Mali	agq:Malè	ak:Mali	am:ማሊ	ar:مالي	ar-AE:مالي	ar-BH:مالي	ar-DJ:مالي	ar-DZ:مالي	ar-EG:مالي	ar-EH:مالي	ar-ER:مالي	ar-IL:مالي	ar-IQ:مالي	ar-JO:مالي	ar-KM:مالي	ar-KW:مالي	ar-LB:مالي	ar-LY:مالي
MM	af:Mianmar (Birma)	af-NA:Mianmar (Birma)	agq:Mǐanmà	ak:Mayaama (Bɛɛma)	am:ማይናማር(በርማ)	ar:ميانمار (بورما)	ar-AE:ميانمار (بورما)	ar-BH:ميانمار (بورما)	ar-DJ:ميانمار (بورما)	ar-DZ:ميانمار (بورما)	ar-EG:ميانمار (بورما)	ar-EH:ميانمار (بورما)	ar-ER:ميانمار (بورما)	ar-IL:ميانمار (بورما)	ar-IQ:ميانمار (بورما)	ar-JO:ميانمار (بورما)	ar-KM:ميانمار (بورما)	ar-KW:ميانمار (بورما)	ar-LB:ميانمار (بورما)	ar-LY:ميانمار (بورما)
MN	af:Mongolië	af-NA:Mongolië	agq:Mùŋgolìa	ak:Mɔngolia	am:ሞንጎሊያ	ar:منغوليا	ar-AE:منغوليا	ar-BH:منغوليا	ar-DJ:منغوليا	ar-DZ:منغوليا	ar-EG:منغوليا	ar-EH:منغوليا	ar-ER:منغوليا	ar-IL:منغوليا	ar-IQ:منغوليا	ar-JO:منغوليا	ar-KM:منغوليا	ar-KW:منغوليا	ar-LB:منغوليا	ar-LY:منغوليا
MO	af:Macau SAS China	af-NA:Macau SAS China	ak:Makaw Kyaena	am:ማካኦ ልዩ የአስተዳደር ክልል ቻይና	ar:منطقة ماكاو الإدارية الخاصة	ar-AE:منطقة ماكاو الإدارية الخاصة	ar-BH:منطقة ماكاو الإدارية الخاصة	ar-DJ:منطقة ماكاو الإدارية الخاصة	ar-DZ:منطقة ماكاو الإدارية الخاصة	ar-EG:منطقة ماكاو الإدارية الخاصة	ar-EH:منطقة ماكاو الإدارية الخاصة	ar-ER:منطقة ماكاو الإدارية الخاصة	ar-IL:منطقة ماكاو الإدارية الخاصة	ar-IQ:منطقة ماكاو الإدارية الخاصة	ar-JO:منطقة ماكاو الإدارية الخاصة	ar-KM:منطقة ماكاو الإدارية الخاصة	ar-KW:منطقة ماكاو الإدارية الخاصة	ar-LB:منطقة ماكاو الإدارية الخاصة	ar-LY:منطقة ماكاو الإدارية الخاصة	ar-MA:منطقة ماكاو الإدارية الخاصة
MP	af:Noord-Mariane-eilande	af-NA:Noord-Mariane-eilande	agq:Chwɨlà m̀ Màlǐanà mɨ̀ Ekùw mò	ak:Mariana Atifi Fam Aeland	am:የሰሜናዊ ማሪያና ደሴቶች	ar:جزر ماريانا الشمالية	ar-AE:جزر ماريانا الشمالية	ar-BH:جزر ماريانا الشمالية	ar-DJ:جزر ماريانا الشمالية	ar-DZ:جزر ماريانا الشمالية	ar-EG:جزر ماريانا الشمالية	ar-EH:جزر ماريانا الشمالية	ar-ER:جزر ماريانا الشمالية	ar-IL:جزر ماريانا الشمالية	ar-IQ:جزر ماريانا الشمالية	ar-JO:جزر ماريانا الشمالية	ar-KM:جزر ماريانا الشمالية	ar-KW:جزر ماريانا الشمالية	ar-LB:جزر ماريانا الشمالية	ar-LY:جزر ماريانا الشمالية
MQ	af:Martinique	af-NA:Martinique	agq:Màtìnekì	ak:Matinik	am:ማርቲኒክ	ar:جزر المارتينيك	ar-AE:جزر المارتينيك	ar-BH:جزر المارتينيك	ar-DJ:جزر المارتينيك	ar-DZ:جزر المارتينيك	ar-EG:جزر المارتينيك	ar-EH:جزر المارتينيك	ar-ER:جزر المارتينيك	ar-IL:جزر المارتينيك	ar-IQ:جزر المارتينيك	ar-JO:جزر المارتينيك	ar-KM:جزر المارتينيك	ar-KW:جزر المارتينيك	ar-LB:جزر المارتينيك	ar-LY:جزر المارتينيك
MR	af:Mauritanië	af-NA:Mauritanië	agq:Mùlètanyìa	ak:Mɔretenia	am:ሞሪቴኒያ	ar:موريتانيا	ar-AE:موريتانيا	ar-BH:موريتانيا	ar-DJ:موريتانيا	ar-DZ:موريتانيا	ar-EG:موريتانيا	ar-EH:موريتانيا	ar-ER:موريتانيا	ar-IL:موريتانيا	ar-IQ:موريتانيا	ar-JO:موريتانيا	ar-KM:موريتانيا	ar-KW:موريتانيا	ar-LB:موريتانيا	ar-LY:موريتانيا
MS	af:Montserrat	af-NA:Montserrat	agq:Mùŋtselà	ak:Mantserat	am:ሞንትሴራት	ar:مونتسرات	ar-AE:مونتسرات	ar-BH:مونتسرات	ar-DJ:مونتسرات	ar-DZ:مونتسرات	ar-EG:مونتسرات	ar-EH:مونتسرات	ar-ER:مونتسرات	ar-IL:مونتسرات	ar-IQ:مونتسرات	ar-JO:مونتسرات	ar-KM:مونتسرات	ar-KW:مونتسرات	ar-LB:مونتسرات	ar-LY:مونتيسيرات
MT	af:Malta	af-NA:Malta	agq:Maatà	ak:Mɔlta	am:ማልታ	ar:مالطا	ar-AE:مالطا	ar-BH:مالطا	ar-DJ:مالطا	ar-DZ:مالطا	ar-EG:مالطا	ar-EH:مالطا	ar-ER:مالطا	ar-IL:مالطا	ar-IQ:مالطا	ar-JO:مالطا	ar-KM:مالطا	ar-KW:مالطا	ar-LB:مالطا	ar-LY:مالطا
MU	af:Mauritius	af-NA:Mauritius	agq:Mùleshwɨ̀s	ak:Mɔrehyeɔs	am:ሞሪሸስ	ar:موريشيوس	ar-AE:موريشيوس	ar-BH:موريشيوس	ar-DJ:موريشيوس	ar-DZ:موريشيوس	ar-EG:موريشيوس	ar-EH:موريشيوس	ar-ER:موريشيوس	ar-IL:موريشيوس	ar-IQ:موريشيوس	ar-JO:موريشيوس	ar-KM:موريشيوس	ar-KW:موريشيوس	ar-LB:موريشيوس	ar-LY:موريشيوس
MV	af:Maledive	af-NA:Maledive	agq:Màdivè	ak:Maldives	am:ማልዲቭስ	ar:جزر المالديف	ar-AE:جزر المالديف	ar-BH:جزر المالديف	ar-DJ:جزر المالديف	ar-DZ:جزر المالديف	ar-EG:جزر المالديف	ar-EH:جزر المالديف	ar-ER:جزر المالديف	ar-IL:جزر المالديف	ar-IQ:جزر المالديف	ar-JO:جزر المالديف	ar-KM:جزر المالديف	ar-KW:جزر المالديف	ar-LB:جزر المالديف	ar-LY:جزر المالديف
MW	af:Malawi	af-NA:Malawi	agq:Màlawì	ak:Malawi	am:ማላዊ	ar:ملاوي	ar-AE:ملاوي	ar-BH:ملاوي	ar-DJ:ملاوي	ar-DZ:ملاوي	ar-EG:ملاوي	ar-EH:ملاوي	ar-ER:ملاوي	ar-IL:ملاوي	ar-IQ:ملاوي	ar-JO:ملاوي	ar-KM:ملاوي	ar-KW:ملاوي	ar-LB:ملاوي	ar-LY:ملاوي
MX	af:Meksiko	af-NA:Meksiko	agq:Mɛkɨzikù	ak:Mɛksiko	am:ሜክሲኮ	ar:المكسيك	ar-AE:المكسيك	ar-BH:المكسيك	ar-DJ:المكسيك	ar-DZ:المكسيك	ar-EG:المكسيك	ar-EH:المكسيك	ar-ER:المكسيك	ar-IL:المكسيك	ar-IQ:المكسيك	ar-JO:المكسيك	ar-KM:المكسيك	ar-KW:المكسيك	ar-LB:المكسيك	ar-LY:المكسيك
MY	af:Maleisië	af-NA:Maleisië	agq:Màlɛshìa	ak:Malehyia	am:ማሌዢያ	ar:ماليزيا	ar-AE:ماليزيا	ar-BH:ماليزيا	ar-DJ:ماليزيا	ar-DZ:ماليزيا	ar-EG:ماليزيا	ar-EH:ماليزيا	ar-ER:ماليزيا	ar-IL:ماليزيا	ar-IQ:ماليزيا	ar-JO:ماليزيا	ar-KM:ماليزيا	ar-KW:ماليزيا	ar-LB:ماليزيا	ar-LY:ماليزيا
MZ	af:Mosambiek	af-NA:Mosambiek	agq:Mùzàmbî	ak:Mozambik	am:ሞዛምቢክ	ar:موزمبيق	ar-AE:موزمبيق	ar-BH:موزمبيق	ar-DJ:موزمبيق	ar-DZ:موزمبيق	ar-EG:موزمبيق	ar-EH:موزمبيق	ar-ER:موزمبيق	ar-IL:موزمبيق	ar-IQ:موزمبيق	ar-JO:موزمبيق	ar-KM:موزمبيق	ar-KW:موزمبيق	ar-LB:موزمبيق	ar-LY:موزمبيق
NA	af:Namibië	af-NA:Namibië	agq:Nàmibìa	ak:Namibia	am:ናሚቢያ	ar:ناميبيا	ar-AE:ناميبيا	ar-BH:ناميبيا	ar-DJ:ناميبيا	ar-DZ:ناميبيا	ar-EG:ناميبيا	ar-EH:ناميبيا	ar-ER:ناميبيا	ar-IL:ناميبيا	ar-IQ:ناميبيا	ar-JO:ناميبيا	ar-KM:ناميبيا	ar-KW:ناميبيا	ar-LB:ناميبيا	ar-LY:ناميبيا
NC	af:Nieu-Kaledonië	af-NA:Nieu-Kaledonië	agq:Kàlèdonyìa È fūghū	ak:Kaledonia Foforo	am:ኒው ካሌዶኒያ	ar:كاليدونيا الجديدة	ar-AE:كاليدونيا الجديدة	ar-BH:كاليدونيا الجديدة	ar-DJ:كاليدونيا الجديدة	ar-DZ:كاليدونيا الجديدة	ar-EG:كاليدونيا الجديدة	ar-EH:كاليدونيا الجديدة	ar-ER:كاليدونيا الجديدة	ar-IL:كاليدونيا الجديدة	ar-IQ:كاليدونيا الجديدة	ar-JO:كاليدونيا الجديدة	ar-KM:كاليدونيا الجديدة	ar-KW:كاليدونيا الجديدة	ar-LB:كاليدونيا الجديدة	ar-LY:كاليدونيا الجديدة
NE	af:Niger	af-NA:Niger	agq:Naedzà	ak:Nigyɛɛ	am:ኒጀር	ar:النيجر	ar-AE:النيجر	ar-BH:النيجر	ar-DJ:النيجر	ar-DZ:النيجر	ar-EG:النيجر	ar-EH:النيجر	ar-ER:النيجر	ar-IL:النيجر	ar-IQ:النيجر	ar-JO:النيجر	ar-KM:النيجر	ar-KW:النيجر	ar-LB:النيجر	ar-LY:النيجر
NF	af:Norfolkeiland	af-NA:Norfolkeiland	agq:Chwɨlà fɨ Nufòʔ	ak:Norfold Supɔ	am:ኖርፎልክ ደሴት	ar:جزيرة نورفولك	ar-AE:جزيرة نورفولك	ar-BH:جزيرة نورفولك	ar-DJ:جزيرة نورفولك	ar-DZ:جزيرة نورفولك	ar-EG:جزيرة نورفولك	ar-EH:جزيرة نورفولك	ar-ER:جزيرة نورفولك	ar-IL:جزيرة نورفولك	ar-IQ:جزيرة نورفولك	ar-JO:جزيرة نورفولك	ar-KM:جزيرة نورفولك	ar-KW:جزيرة نورفولك	ar-LB:جزيرة نورفولك	ar-LY:جزيرة نورفولك
NG	af:Nigerië	af-NA:Nigerië	agq:Gɨ̀anyɨ	ak:Naegyeria	am:ናይጄሪያ	ar:نيجيريا	ar-AE:نيجيريا	ar-BH:نيجيريا	ar-DJ:نيجيريا	ar-DZ:نيجيريا	ar-EG:نيجيريا	ar-EH:نيجيريا	ar-ER:نيجيريا	ar-IL:نيجيريا	ar-IQ:نيجيريا	ar-JO:نيجيريا	ar-KM:نيجيريا	ar-KW:نيجيريا	ar-LB:نيجيريا	ar-LY:نيجيريا
NI	af:Nicaragua	af-NA:Nicaragua	agq:Nikàlagwà	ak:Nekaraguwa	am:ኒካራጓ	ar:نيكاراغوا	ar-AE:نيكاراغوا	ar-BH:نيكاراغوا	ar-DJ:نيكاراغوا	ar-DZ:نيكاراغوا	ar-EG:نيكاراغوا	ar-EH:نيكاراغوا	ar-ER:نيكاراغوا	ar-IL:نيكاراغوا	ar-IQ:نيكاراغوا	ar-JO:نيكاراغوا	ar-KM:نيكاراغوا	ar-KW:نيكاراغوا	ar-LB:نيكاراغوا	ar-LY:نيكاراغوا
NL	af:Nederland	af-NA:Nederland	agq:Nedàlân	ak:Nɛdɛland	am:ኔዘርላንድ	ar:هولندا	ar-AE:هولندا	ar-BH:هولندا	ar-DJ:هولندا	ar-DZ:هولندا	ar-EG:هولندا	ar-EH:هولندا	ar-ER:هولندا	ar-IL:هولندا	ar-IQ:هولندا	ar-JO:هولندا	ar-KM:هولندا	ar-KW:هولندا	ar-LB:هولندا	ar-LY:هولندا
NO	af:Noorweë	af-NA:Noorweë	agq:Noowɛ̂ɛ	ak:Nɔɔwe	am:ኖርዌይ	ar:النرويج	ar-AE:النرويج	ar-BH:النرويج	ar-DJ:النرويج	ar-DZ:النرويج	ar-EG:النرويج	ar-EH:النرويج	ar-ER:النرويج	ar-IL:النرويج	ar-IQ:النرويج	ar-JO:النرويج	ar-KM:النرويج	ar-KW:النرويج	ar-LB:النرويج	ar-LY:النرويج
NP	af:Nepal	af-NA:Nepal	agq:Nɛkpâa	ak:Nɛpal	am:ኔፓል	ar:نيبال	ar-AE:نيبال	ar-BH:نيبال	ar-DJ:نيبال	ar-DZ:نيبال	ar-EG:نيبال	ar-EH:نيبال	ar-ER:نيبال	ar-IL:نيبال	ar-IQ:نيبال	ar-JO:نيبال	ar-KM:نيبال	ar-KW:نيبال	ar-LB:نيبال	ar-LY:نيبال
NR	af:Nauru	af-NA:Nauru	agq:Nàwulù	ak:Naworu	am:ናኡሩ	ar:ناورو	ar-AE:ناورو	ar-BH:ناورو	ar-DJ:ناورو	ar-DZ:ناورو	ar-EG:ناورو	ar-EH:ناورو	ar-ER:ناورو	ar-IL:ناورو	ar-IQ:ناورو	ar-JO:ناورو	ar-KM:ناورو	ar-KW:ناورو	ar-LB:ناورو	ar-LY:ناورو
NU	af:Niue	af-NA:Niue	agq:Niyu	ak:Niyu	am:ኒዌ	ar:نيوي	ar-AE:نيوي	ar-BH:نيوي	ar-DJ:نيوي	ar-DZ:نيوي	ar-EG:نيوي	ar-EH:نيوي	ar-ER:نيوي	ar-IL:نيوي	ar-IQ:نيوي	ar-JO:نيوي	ar-KM:نيوي	ar-KW:نيوي	ar-LB:نيوي	ar-LY:نيوي
NZ	af:Nieu-Seeland	af-NA:Nieu-Seeland	agq:Zìlân È fūghū	ak:Ziland Foforo	am:ኒው ዚላንድ	ar:نيوزيلندا	ar-AE:نيوزيلندا	ar-BH:نيوزيلندا	ar-DJ:نيوزيلندا	ar-DZ:نيوزيلندا	ar-EG:نيوزيلندا	ar-EH:نيوزيلندا	ar-ER:نيوزيلندا	ar-IL:نيوزيلندا	ar-IQ:نيوزيلندا	ar-JO:نيوزيلندا	ar-KM:نيوزيلندا	ar-KW:نيوزيلندا	ar-LB:نيوزيلندا	ar-LY:نيوزيلندا
OM	af:Oman	af-NA:Oman	agq:Umàn	ak:Oman	am:ኦማን	ar:عُمان	ar-AE:عُمان	ar-BH:عُمان	ar-DJ:عُمان	ar-DZ:عُمان	ar-EG:عُمان	ar-EH:عُمان	ar-ER:عُمان	ar-IL:عُمان	ar-IQ:عُمان	ar-JO:عُمان	ar-KM:عُمان	ar-KW:عُمان	ar-LB:عُمان	ar-LY:عُمان
PA	af:Panama	af-NA:Panama	agq:Kpanàma	ak:Panama	am:ፓናማ	ar:بنما	ar-AE:بنما	ar-BH:بنما	ar-DJ:بنما	ar-DZ:بنما	ar-EG:بنما	ar-EH:بنما	ar-ER:بنما	ar-IL:بنما	ar-IQ:بنما	ar-JO:بنما	ar-KM:بنما	ar-KW:بنما	ar-LB:بنما	ar-LY:بنما
PE	af:Peru	af-NA:Peru	agq:Kpɛlû	ak:Peru	am:ፔሩ	ar:بيرو	ar-AE:بيرو	ar-BH:بيرو	ar-DJ:بيرو	ar-DZ:بيرو	ar-EG:بيرو	ar-EH:بيرو	ar-ER:بيرو	ar-IL:بيرو	ar-IQ:بيرو	ar-JO:بيرو	ar-KM:بيرو	ar-KW:بيرو	ar-LB:بيرو	ar-LY:بيرو
PF	af:Frans-Polinesië	af-NA:Frans-Polinesië	agq:Kpoleneshìa è Fàlâŋnsì	ak:Frɛnkye Pɔlenehyia	am:የፈረንሳይ ፖሊኔዢያ	ar:بولينيزيا الفرنسية	ar-AE:بولينيزيا الفرنسية	ar-BH:بولينيزيا الفرنسية	ar-DJ:بولينيزيا الفرنسية	ar-DZ:بولينيزيا الفرنسية	ar-EG:بولينيزيا الفرنسية	ar-EH:بولينيزيا الفرنسية	ar-ER:بولينيزيا الفرنسية	ar-IL:بولينيزيا الفرنسية	ar-IQ:بولينيزيا الفرنسية	ar-JO:بولينيزيا الفرنسية	ar-KM:بولينيزيا الفرنسية	ar-KW:بولينيزيا الفرنسية	ar-LB:بولينيزيا الفرنسية	ar-LY:بولينيزيا الفرنسية
PG	af:Papoea-Nieu-Guinee	af-NA:Papoea-Nieu-Guinee	agq:Kpakpua Ginè È fūghū	ak:Papua Gini Foforɔ	am:ፓፑዋ ኒው ጊኒ	ar:بابوا غينيا الجديدة	ar-AE:بابوا غينيا الجديدة	ar-BH:بابوا غينيا الجديدة	ar-DJ:بابوا غينيا الجديدة	ar-DZ:بابوا غينيا الجديدة	ar-EG:بابوا غينيا الجديدة	ar-EH:بابوا غينيا الجديدة	ar-ER:بابوا غينيا الجديدة	ar-IL:بابوا غينيا الجديدة	ar-IQ:بابوا غينيا الجديدة	ar-JO:بابوا غينيا الجديدة	ar-KM:بابوا غينيا الجديدة	ar-KW:بابوا غينيا الجديدة	ar-LB:بابوا غينيا الجديدة	ar-LY:بابوا غينيا الجديدة
PH	af:Filippyne	af-NA:Filippyne	agq:Felèkpî	ak:Filipin	am:ፊሊፒንስ	ar:الفلبين	ar-AE:الفلبين	ar-BH:الفلبين	ar-DJ:الفلبين	ar-DZ:الفلبين	ar-EG:الفلبين	ar-EH:الفلبين	ar-ER:الفلبين	ar-IL:الفلبين	ar-IQ:الفلبين	ar-JO:الفلبين	ar-KM:الفلبين	ar-KW:الفلبين	ar-LB:الفلبين	ar-LY:الفلبين
PK	af:Pakistan	af-NA:Pakistan	agq:Kpakìsɨ̀tân	ak:Pakistan	am:ፓኪስታን	ar:باكستان	ar-AE:باكستان	ar-BH:باكستان	ar-DJ:باكستان	ar-DZ:باكستان	ar-EG:باكستان	ar-EH:باكستان	ar-ER:باكستان	ar-IL:باكستان	ar-IQ:باكستان	ar-JO:باكستان	ar-KM:باكستان	ar-KW:باكستان	ar-LB:باكستان	ar-LY:باكستان
PL	af:Pole	af-NA:Pole	agq:Kpulàn	ak:Pɔland	am:ፖላንድ	ar:بولندا	ar-AE:بولندا	ar-BH:بولندا	ar-DJ:بولندا	ar-DZ:بولندا	ar-EG:بولندا	ar-EH:بولندا	ar-ER:بولندا	ar-IL:بولندا	ar-IQ:بولندا	ar-JO:بولندا	ar-KM:بولندا	ar-KW:بولندا	ar-LB:بولندا	ar-LY:بولندا
PM	af:Sint Pierre en Miquelon	af-NA:Sint Pierre en Miquelon	agq:Sɛ̀n Kpiyɛ̀ à Mikelɔŋ	ak:Saint Pierre ne Miquelon	am:ሴንት ፒዬር እና ሚኩኤሎን	ar:سان بيير ومكويلون	ar-AE:سان بيير ومكويلون	ar-BH:سان بيير ومكويلون	ar-DJ:سان بيير ومكويلون	ar-DZ:سان بيير ومكويلون	ar-EG:سان بيير ومكويلون	ar-EH:سان بيير ومكويلون	ar-ER:سان بيير ومكويلون	ar-IL:سان بيير ومكويلون	ar-IQ:سان بيير ومكويلون	ar-JO:سان بيير ومكويلون	ar-KM:سان بيير ومكويلون	ar-KW:سان بيير ومكويلون	ar-LB:سان بيير ومكويلون	ar-LY:سان بيير ومكويلون
PN	af:Pitcairneilande	af-NA:Pitcairneilande	agq:Kpitɨ̀kalè	ak:Pitkaan Nsupɔ	am:ፒትካኢርን ደሴቶች	ar:جزر بيتكيرن	ar-AE:جزر بيتكيرن	ar-BH:جزر بيتكيرن	ar-DJ:جزر بيتكيرن	ar-DZ:جزر بيتكيرن	ar-EG:جزر بيتكيرن	ar-EH:جزر بيتكيرن	ar-ER:جزر بيتكيرن	ar-IL:جزر بيتكيرن	ar-IQ:جزر بيتكيرن	ar-JO:جزر بيتكيرن	ar-KM:جزر بيتكيرن	ar-KW:جزر بيتكيرن	ar-LB:جزر بيتكيرن	ar-LY:جزر بيتكيرن
PR	af:Puerto Rico	af-NA:Puerto Rico	agq:Kpǒto Leko	ak:Puɛto Riko	am:ፑዌርቶ ሪኮ	ar:بورتوريكو	ar-AE:بورتوريكو	ar-BH:بورتوريكو	ar-DJ:بورتوريكو	ar-DZ:بورتوريكو	ar-EG:بورتوريكو	ar-EH:بورتوريكو	ar-ER:بورتوريكو	ar-IL:بورتوريكو	ar-IQ:بورتوريكو	ar-JO:بورتوريكو	ar-KM:بورتوريكو	ar-KW:بورتوريكو	ar-LB:بورتوريكو	ar-LY:بورتوريكو
PS	af:Palestynse Grondgebiede	af-NA:Palestynse Grondgebiede	agq:Adzɨmā kɨ ŋgùŋ kɨ Palɛsɨtɨnyia à kɨ Gazà kò	ak:Palestaen West Bank ne Gaza	am:የፍልስጤም ግዛት	ar:الأراضي الفلسطينية	ar-AE:الأراضي الفلسطينية	ar-BH:الأراضي الفلسطينية	ar-DJ:الأراضي الفلسطينية	ar-DZ:الأراضي الفلسطينية	ar-EG:الأراضي الفلسطينية	ar-EH:الأراضي الفلسطينية	ar-ER:الأراضي الفلسطينية	ar-IL:الأراضي الفلسطينية	ar-IQ:الأراضي الفلسطينية	ar-JO:الأراضي الفلسطينية	ar-KM:الأراضي الفلسطينية	ar-KW:الأراضي الفلسطينية	ar-LB:الأراضي الفلسطينية	ar-LY:الأراضي الفلسطينية
PT	af:Portugal	af-NA:Portugal	agq:Kputuwgà	ak:Pɔtugal	am:ፖርቱጋል	ar:البرتغال	ar-AE:البرتغال	ar-BH:البرتغال	ar-DJ:البرتغال	ar-DZ:البرتغال	ar-EG:البرتغال	ar-EH:البرتغال	ar-ER:البرتغال	ar-IL:البرتغال	ar-IQ:البرتغال	ar-JO:البرتغال	ar-KM:البرتغال	ar-KW:البرتغال	ar-LB:البرتغال	ar-LY:البرتغال
PW	af:Palau	af-NA:Palau	agq:Kpàlawù	ak:Palau	am:ፓላው	ar:بالاو	ar-AE:بالاو	ar-BH:بالاو	ar-DJ:بالاو	ar-DZ:بالاو	ar-EG:بالاو	ar-EH:بالاو	ar-ER:بالاو	ar-IL:بالاو	ar-IQ:بالاو	ar-JO:بالاو	ar-KM:بالاو	ar-KW:بالاو	ar-LB:بالاو	ar-LY:بالاو
PY	af:Paraguay	af-NA:Paraguay	agq:Kpalàgwɛ̂	ak:Paraguae	am:ፓራጓይ	ar:باراغواي	ar-AE:باراغواي	ar-BH:باراغواي	ar-DJ:باراغواي	ar-DZ:باراغواي	ar-EG:باراغواي	ar-EH:باراغواي	ar-ER:باراغواي	ar-IL:باراغواي	ar-IQ:باراغواي	ar-JO:باراغواي	ar-KM:باراغواي	ar-KW:باراغواي	ar-LB:باراغواي	ar-LY:باراغواي
QA	af:Katar	af-NA:Katar	agq:Katà	ak:Kata	am:ኳታር	ar:قطر	ar-AE:قطر	ar-BH:قطر	ar-DJ:قطر	ar-DZ:قطر	ar-EG:قطر	ar-EH:قطر	ar-ER:قطر	ar-IL:قطر	ar-IQ:قطر	ar-JO:قطر	ar-KM:قطر	ar-KW:قطر	ar-LB:قطر	ar-LY:قطر
QO	af:Afgeleë Oseanië	af-NA:Afgeleë Oseanië	ak:Osiana Ano Ano	am:የኦሺያንያ ዳርቻ	ar:أوقيانوسيا النائية	ar-AE:أوقيانوسيا النائية	ar-BH:أوقيانوسيا النائية	ar-DJ:أوقيانوسيا النائية	ar-DZ:أوقيانوسيا النائية	ar-EG:أوقيانوسيا النائية	ar-EH:أوقيانوسيا النائية	ar-ER:أوقيانوسيا النائية	ar-IL:أوقيانوسيا النائية	ar-IQ:أوقيانوسيا النائية	ar-JO:أوقيانوسيا النائية	ar-KM:أوقيانوسيا النائية	ar-KW:أوقيانوسيا النائية	ar-LB:أوقيانوسيا النائية	ar-LY:أوقيانوسيا النائية	ar-MA:أوقيانوسيا النائية
RE	af:Réunion	af-NA:Réunion	agq:Lèyunyɔ̀ŋ	ak:Reyuniɔn	am:ሪዩኒየን	ar:روينيون	ar-AE:روينيون	ar-BH:روينيون	ar-DJ:روينيون	ar-DZ:روينيون	ar-EG:روينيون	ar-EH:روينيون	ar-ER:روينيون	ar-IL:روينيون	ar-IQ:روينيون	ar-JO:روينيون	ar-KM:روينيون	ar-KW:روينيون	ar-LB:روينيون	ar-LY:روينيون
RO	af:Roemenië	af-NA:Roemenië	agq:Lùmanyìa	ak:Romenia	am:ሮሜኒያ	ar:رومانيا	ar-AE:رومانيا	ar-BH:رومانيا	ar-DJ:رومانيا	ar-DZ:رومانيا	ar-EG:رومانيا	ar-EH:رومانيا	ar-ER:رومانيا	ar-IL:رومانيا	ar-IQ:رومانيا	ar-JO:رومانيا	ar-KM:رومانيا	ar-KW:رومانيا	ar-LB:رومانيا	ar-LY:رومانيا
RS	af:Serwië	af-NA:Serwië	ak:Sɛbia	am:ሰርብያ	ar:صربيا	ar-AE:صربيا	ar-BH:صربيا	ar-DJ:صربيا	ar-DZ:صربيا	ar-EG:صربيا	ar-EH:صربيا	ar-ER:صربيا	ar-IL:صربيا	ar-IQ:صربيا	ar-JO:صربيا	ar-KM:صربيا	ar-KW:صربيا	ar-LB:صربيا	ar-LY:صربيا	ar-MA:صربيا
RU	af:Rusland	af-NA:Rusland	agq:Loshìa	ak:Rɔhyea	am:ሩስያ	ar:روسيا	ar-AE:روسيا	ar-BH:روسيا	ar-DJ:روسيا	ar-DZ:روسيا	ar-EG:روسيا	ar-EH:روسيا	ar-ER:روسيا	ar-IL:روسيا	ar-IQ:روسيا	ar-JO:روسيا	ar-KM:روسيا	ar-KW:روسيا	ar-LB:روسيا	ar-LY:روسيا
RW	af:Rwanda	af-NA:Rwanda	agq:Lùwandà	ak:Rewanda	am:ሩዋንዳ	ar:رواندا	ar-AE:رواندا	ar-BH:رواندا	ar-DJ:رواندا	ar-DZ:رواندا	ar-EG:رواندا	ar-EH:رواندا	ar-ER:رواندا	ar-IL:رواندا	ar-IQ:رواندا	ar-JO:رواندا	ar-KM:رواندا	ar-KW:رواندا	ar-LB:رواندا	ar-LY:رواندا
SA	af:Saoedi-Arabië	af-NA:Saoedi-Arabië	agq:Sawudi Alabi	ak:Saudi Arabia	am:ሳውድአረቢያ	ar:المملكة العربية السعودية	ar-AE:المملكة العربية السعودية	ar-BH:المملكة العربية السعودية	ar-DJ:المملكة العربية السعودية	ar-DZ:المملكة العربية السعودية	ar-EG:المملكة العربية السعودية	ar-EH:المملكة العربية السعودية	ar-ER:المملكة العربية السعودية	ar-IL:المملكة العربية السعودية	ar-IQ:المملكة العربية السعودية	ar-JO:المملكة العربية السعودية	ar-KM:المملكة العربية السعودية	ar-KW:المملكة العربية السعودية	ar-LB:المملكة العربية السعودية	ar-LY:المملكة العربية السعودية
SB	af:Salomonseilande	af-NA:Salomonseilande	agq:Chwɨlà fɨ Solomwɨ̀n	ak:Solomɔn Aeland	am:ሰለሞን ደሴቶች	ar:جزر سليمان	ar-AE:جزر سليمان	ar-BH:جزر سليمان	ar-DJ:جزر سليمان	ar-DZ:جزر سليمان	ar-EG:جزر سليمان	ar-EH:جزر سليمان	ar-ER:جزر سليمان	ar-IL:جزر سليمان	ar-IQ:جزر سليمان	ar-JO:جزر سليمان	ar-KM:جزر سليمان	ar-KW:جزر سليمان	ar-LB:جزر سليمان	ar-LY:جزر سليمان
SC	af:Seychelle	af-NA:Seychelle	agq:Sɛchɛ̀lɛ̀s	ak:Seyhyɛl	am:ሲሼልስ	ar:سيشل	ar-AE:سيشل	ar-BH:سيشل	ar-DJ:سيشل	ar-DZ:سيشل	ar-EG:سيشل	ar-EH:سيشل	ar-ER:سيشل	ar-IL:سيشل	ar-IQ:سيشل	ar-JO:سيشل	ar-KM:سيشل	ar-KW:سيشل	ar-LB:سيشل	ar-LY:سيشل
SD	af:Soedan	af-NA:Soedan	agq:Sùdân	ak:Sudan	am:ሱዳን	ar:السودان	ar-AE:السودان	ar-BH:السودان	ar-DJ:السودان	ar-DZ:السودان	ar-EG:السودان	ar-EH:السودان	ar-ER:السودان	ar-IL:السودان	ar-IQ:السودان	ar-JO:السودان	ar-KM:السودان	ar-KW:السودان	ar-LB:السودان	ar-LY:السودان
SE	af:Swede	af-NA:Swede	agq:Suedɨ̀n	ak:Sweden	am:ስዊድን	ar:السويد	ar-AE:السويد	ar-BH:السويد	ar-DJ:السويد	ar-DZ:السويد	ar-EG:السويد	ar-EH:السويد	ar-ER:السويد	ar-IL:السويد	ar-IQ:السويد	ar-JO:السويد	ar-KM:السويد	ar-KW:السويد	ar-LB:السويد	ar-LY:السويد
SG	af:Singapoer	af-NA:Singapoer	agq:Siŋgàkpôo	ak:Singapɔ	am:ሲንጋፖር	ar:سنغافورة	ar-AE:سنغافورة	ar-BH:سنغافورة	ar-DJ:سنغافورة	ar-DZ:سنغافورة	ar-EG:سنغافورة	ar-EH:سنغافورة	ar-ER:سنغافورة	ar-IL:سنغافورة	ar-IQ:سنغافورة	ar-JO:سنغافورة	ar-KM:سنغافورة	ar-KW:سنغافورة	ar-LB:سنغافورة	ar-LY:سنغافورة
SH	af:Sint Helena	af-NA:Sint Helena	agq:Sɛ̀n Èlenà	ak:Saint Helena	am:ሴንት ሄለና	ar:سانت هيلينا	ar-AE:سانت هيلينا	ar-BH:سانت هيلينا	ar-DJ:سانت هيلينا	ar-DZ:سانت هيلينا	ar-EG:سانت هيلينا	ar-EH:سانت هيلينا	ar-ER:سانت هيلينا	ar-IL:سانت هيلينا	ar-IQ:سانت هيلينا	ar-JO:سانت هيلينا	ar-KM:سانت هيلينا	ar-KW:سانت هيلينا	ar-LB:سانت هيلينا	ar-LY:سانت هيلينا
SI	af:Slowenië	af-NA:Slowenië	agq:Sɨ̀lòvɨnyìa	ak:Slovenia	am:ስሎቬኒያ	ar:سلوفينيا	ar-AE:سلوفينيا	ar-BH:سلوفينيا	ar-DJ:سلوفينيا	ar-DZ:سلوفينيا	ar-EG:سلوفينيا	ar-EH:سلوفينيا	ar-ER:سلوفينيا	ar-IL:سلوفينيا	ar-IQ:سلوفينيا	ar-JO:سلوفينيا	ar-KM:سلوفينيا	ar-KW:سلوفينيا	ar-LB:سلوفينيا	ar-LY:سلوفينيا
SJ	af:Spitsbergen en Jan Mayen	af-NA:Spitsbergen en Jan Mayen	ak:Svalbard ne Jan Mayen	am:ስቫልባርድ እና ጃን ማየን	ar:سفالبارد وجان ماين	ar-AE:سفالبارد وجان ماين	ar-BH:سفالبارد وجان ماين	ar-DJ:سفالبارد وجان ماين	ar-DZ:سفالبارد وجان ماين	ar-EG:سفالبارد وجان ماين	ar-EH:سفالبارد وجان ماين	ar-ER:سفالبارد وجان ماين	ar-IL:سفالبارد وجان ماين	ar-IQ:سفالبارد وجان ماين	ar-JO:سفالبارد وجان ماين	ar-KM:سفالبارد وجان ماين	ar-KW:سفالبارد وجان ماين	ar-LB:سفالبارد وجان ماين	ar-LY:سفالبارد وجان ماين	ar-MA:سفالبارد وجان ماين
SK	af:Slowakye	af-NA:Slowakye	agq:Sɨ̀lòvɨkɨ̀a	ak:Slovakia	am:ስሎቫኪያ	ar:سلوفاكيا	ar-AE:سلوفاكيا	ar-BH:سلوفاكيا	ar-DJ:سلوفاكيا	ar-DZ:سلوفاكيا	ar-EG:سلوفاكيا	ar-EH:سلوفاكيا	ar-ER:سلوفاكيا	ar-IL:سلوفاكيا	ar-IQ:سلوفاكيا	ar-JO:سلوفاكيا	ar-KM:سلوفاكيا	ar-KW:سلوفاكيا	ar-LB:سلوفاكيا	ar-LY:سلوفاكيا
SL	af:Sierra Leone	af-NA:Sierra Leone	agq:Silìa lûŋ	ak:Sɛra Liɔn	am:ሴራሊዮን	ar:سيراليون	ar-AE:سيراليون	ar-BH:سيراليون	ar-DJ:سيراليون	ar-DZ:سيراليون	ar-EG:سيراليون	ar-EH:سيراليون	ar-ER:سيراليون	ar-IL:سيراليون	ar-IQ:سيراليون	ar-JO:سيراليون	ar-KM:سيراليون	ar-KW:سيراليون	ar-LB:سيراليون	ar-LY:سيراليون
SM	af:San Marino	af-NA:San Marino	agq:Sàn Màlenù	ak:San Marino	am:ሳን ማሪኖ	ar:سان مارينو	ar-AE:سان مارينو	ar-BH:سان مارينو	ar-DJ:سان مارينو	ar-DZ:سان مارينو	ar-EG:سان مارينو	ar-EH:سان مارينو	ar-ER:سان مارينو	ar-IL:سان مارينو	ar-IQ:سان مارينو	ar-JO:سان مارينو	ar-KM:سان مارينو	ar-KW:سان مارينو	ar-LB:سان مارينو	ar-LY:سان مارينو
SN	af:Senegal	af-NA:Senegal	agq:Sɛ̀nɛ̀gâa	ak:Senegal	am:ሴኔጋል	ar:السنغال	ar-AE:السنغال	ar-BH:السنغال	ar-DJ:السنغال	ar-DZ:السنغال	ar-EG:السنغال	ar-EH:السنغال	ar-ER:السنغال	ar-IL:السنغال	ar-IQ:السنغال	ar-JO:السنغال	ar-KM:السنغال	ar-KW:السنغال	ar-LB:السنغال	ar-LY:السنغال
SO	af:Somalië	af-NA:Somalië	agq:Sòmalìa	ak:Somalia	am:ሶማሊያ	ar:الصومال	ar-AE:الصومال	ar-BH:الصومال	ar-DJ:الصومال	ar-DZ:الصومال	ar-EG:الصومال	ar-EH:الصومال	ar-ER:الصومال	ar-IL:الصومال	ar-IQ:الصومال	ar-JO:الصومال	ar-KM:الصومال	ar-KW:الصومال	ar-LB:الصومال	ar-LY:الصومال
SR	af:Suriname	af-NA:Suriname	agq:Sulènamè	ak:Suriname	am:ሱሪናም	ar:سورينام	ar-AE:سورينام	ar-BH:سورينام	ar-DJ:سورينام	ar-DZ:سورينام	ar-EG:سورينام	ar-EH:سورينام	ar-ER:سورينام	ar-IL:سورينام	ar-IQ:سورينام	ar-JO:سورينام	ar-KM:سورينام	ar-KW:سورينام	ar-LB:سورينام	ar-LY:سورينام
SS	af:Suid-Soedan	af-NA:Suid-Soedan	ak:Sudan Anaafoɔ	am:ደቡብ ሱዳን	ar:جنوب السودان	ar-AE:جنوب السودان	ar-BH:جنوب السودان	ar-DJ:جنوب السودان	ar-DZ:جنوب السودان	ar-EG:جنوب السودان	ar-EH:جنوب السودان	ar-ER:جنوب السودان	ar-IL:جنوب السودان	ar-IQ:جنوب السودان	ar-JO:جنوب السودان	ar-KM:جنوب السودان	ar-KW:جنوب السودان	ar-LB:جنوب السودان	ar-LY:جنوب السودان	ar-MA:جنوب السودان
ST	af:São Tomé en Príncipe	af-NA:São Tomé en Príncipe	agq:Sawo Tɔ̀me à Kpèlènsikpɛ̀	ak:São Tomé ne Príncipe	am:ሳኦ ቶሜ እና ፕሪንሲፔ	ar:ساو تومي وبرينسيبي	ar-AE:ساو تومي وبرينسيبي	ar-BH:ساو تومي وبرينسيبي	ar-DJ:ساو تومي وبرينسيبي	ar-DZ:ساو تومي وبرينسيبي	ar-EG:ساو تومي وبرينسيبي	ar-EH:ساو تومي وبرينسيبي	ar-ER:ساو تومي وبرينسيبي	ar-IL:ساو تومي وبرينسيبي	ar-IQ:ساو تومي وبرينسيبي	ar-JO:ساو تومي وبرينسيبي	ar-KM:ساو تومي وبرينسيبي	ar-KW:ساو تومي وبرينسيبي	ar-LB:ساو تومي وبرينسيبي	ar-LY:ساو تومي وبرينسيبي
SV	af:El Salvador	af-NA:El Salvador	agq:Esàvadò	ak:Ɛl Salvadɔ	am:ኤል ሳልቫዶር	ar:السلفادور	ar-AE:السلفادور	ar-BH:السلفادور	ar-DJ:السلفادور	ar-DZ:السلفادور	ar-EG:السلفادور	ar-EH:السلفادور	ar-ER:السلفادور	ar-IL:السلفادور	ar-IQ:السلفادور	ar-JO:السلفادور	ar-KM:السلفادور	ar-KW:السلفادور	ar-LB:السلفادور	ar-LY:السلفادور
SX	af:Sint Maarten	af-NA:Sint Maarten	ak:Sint Maaten	am:ሲንት ማርተን	ar:سانت مارتن	ar-AE:سانت مارتن	ar-BH:سانت مارتن	ar-DJ:سانت مارتن	ar-DZ:سانت مارتن	ar-EG:سانت مارتن	ar-EH:سانت مارتن	ar-ER:سانت مارتن	ar-IL:سانت مارتن	ar-IQ:سانت مارتن	ar-JO:سانت مارتن	ar-KM:سانت مارتن	ar-KW:سانت مارتن	ar-LB:سانت مارتن	ar-LY:سانت مارتن	ar-MA:سانت مارتن
SY	af:Sirië	af-NA:Sirië	agq:Silîa	ak:Siria	am:ሶሪያ	ar:سوريا	ar-AE:سوريا	ar-BH:سوريا	ar-DJ:سوريا	ar-DZ:سوريا	ar-EG:سوريا	ar-EH:سوريا	ar-ER:سوريا	ar-IL:سوريا	ar-IQ:سوريا	ar-JO:سوريا	ar-KM:سوريا	ar-KW:سوريا	ar-LB:سوريا	ar-LY:سوريا
SZ	af:Eswatini	af-NA:Eswatini	agq:Shǔazìlân	ak:Swaziland	am:ኤስዋቲኒ	ar:إسواتيني	ar-AE:إسواتيني	ar-BH:إسواتيني	ar-DJ:إسواتيني	ar-DZ:إسواتيني	ar-EG:إسواتيني	ar-EH:إسواتيني	ar-ER:إسواتيني	ar-IL:إسواتيني	ar-IQ:إسواتيني	ar-JO:إسواتيني	ar-KM:إسواتيني	ar-KW:إسواتيني	ar-LB:إسواتيني	ar-LY:إسواتيني
TA	af:Tristan da Cunha	af-NA:Tristan da Cunha	ak:Tristan da Kuna	am:ትሪስታን ዳ ኩንሃ	ar:تريستان دا كونا	ar-AE:تريستان دا كونا	ar-BH:تريستان دا كونا	ar-DJ:تريستان دا كونا	ar-DZ:تريستان دا كونا	ar-EG:تريستان دا كونا	ar-EH:تريستان دا كونا	ar-ER:تريستان دا كونا	ar-IL:تريستان دا كونا	ar-IQ:تريستان دا كونا	ar-JO:تريستان دا كونا	ar-KM:تريستان دا كونا	ar-KW:تريستان دا كونا	ar-LB:تريستان دا كونا	ar-LY:تريستان دا كونا	ar-MA:تريستان دا كونا
TC	af:Turks- en Caicoseilande	af-NA:Turks- en Caicoseilande	agq:Chwɨla n Tɨtê à Kaekùs	ak:Turks ne Caicos Islands	am:የቱርኮችና የካኢኮስ ደሴቶች	ar:جزر توركس وكايكوس	ar-AE:جزر توركس وكايكوس	ar-BH:جزر توركس وكايكوس	ar-DJ:جزر توركس وكايكوس	ar-DZ:جزر توركس وكايكوس	ar-EG:جزر توركس وكايكوس	ar-EH:جزر توركس وكايكوس	ar-ER:جزر توركس وكايكوس	ar-IL:جزر توركس وكايكوس	ar-IQ:جزر توركس وكايكوس	ar-JO:جزر توركس وكايكوس	ar-KM:جزر توركس وكايكوس	ar-KW:جزر توركس وكايكوس	ar-LB:جزر توركس وكايكوس	ar-LY:جزر توركس وكايكوس
TD	af:Tsjad	af-NA:Tsjad	agq:Châ	ak:Kyad	am:ቻድ	ar:تشاد	ar-AE:تشاد	ar-BH:تشاد	ar-DJ:تشاد	ar-DZ:تشاد	ar-EG:تشاد	ar-EH:تشاد	ar-ER:تشاد	ar-IL:تشاد	ar-IQ:تشاد	ar-JO:تشاد	ar-KM:تشاد	ar-KW:تشاد	ar-LB:تشاد	ar-LY:تشاد
TF	af:Franse Suidelike Gebiede	af-NA:Franse Suidelike Gebiede	ak:Franse Anaafoɔ Nsaase	am:የፈረንሳይ ደቡባዊ ግዛቶች	ar:الأقاليم الجنوبية الفرنسية	ar-AE:الأقاليم الجنوبية الفرنسية	ar-BH:الأقاليم الجنوبية الفرنسية	ar-DJ:الأقاليم الجنوبية الفرنسية	ar-DZ:الأقاليم الجنوبية الفرنسية	ar-EG:الأقاليم الجنوبية الفرنسية	ar-EH:الأقاليم الجنوبية الفرنسية	ar-ER:الأقاليم الجنوبية الفرنسية	ar-IL:الأقاليم الجنوبية الفرنسية	ar-IQ:الأقاليم الجنوبية الفرنسية	ar-JO:الأقاليم الجنوبية الفرنسية	ar-KM:الأقاليم الجنوبية الفرنسية	ar-KW:الأقاليم الجنوبية الفرنسية	ar-LB:الأقاليم الجنوبية الفرنسية	ar-LY:الأقاليم الجنوبية الفرنسية	ar-MA:الأقاليم الجنوبية الفرنسية
TG	af:Togo	af-NA:Togo	agq:Tugù	ak:Togo	am:ቶጐ	ar:توغو	ar-AE:توغو	ar-BH:توغو	ar-DJ:توغو	ar-DZ:توغو	ar-EG:توغو	ar-EH:توغو	ar-ER:توغو	ar-IL:توغو	ar-IQ:توغو	ar-JO:توغو	ar-KM:توغو	ar-KW:توغو	ar-LB:توغو	ar-LY:توغو
TH	af:Thailand	af-NA:Thailand	agq:Taelàn	ak:Taeland	am:ታይላንድ	ar:تايلاند	ar-AE:تايلاند	ar-BH:تايلاند	ar-DJ:تايلاند	ar-DZ:تايلاند	ar-EG:تايلاند	ar-EH:تايلاند	ar-ER:تايلاند	ar-IL:تايلاند	ar-IQ:تايلاند	ar-JO:تايلاند	ar-KM:تايلاند	ar-KW:تايلاند	ar-LB:تايلاند	ar-LY:تايلاند
TJ	af:Tadjikistan	af-NA:Tadjikistan	agq:Tàdzikìsɨ̀tân	ak:Tagyikistan	am:ታጃኪስታን	ar:طاجيكستان	ar-AE:طاجيكستان	ar-BH:طاجيكستان	ar-DJ:طاجيكستان	ar-DZ:طاجيكستان	ar-EG:طاجيكستان	ar-EH:طاجيكستان	ar-ER:طاجيكستان	ar-IL:طاجيكستان	ar-IQ:طاجيكستان	ar-JO:طاجيكستان	ar-KM:طاجيكستان	ar-KW:طاجيكستان	ar-LB:طاجيكستان	ar-LY:طاجيكستان
TK	af:Tokelau	af-NA:Tokelau	agq:Tuwkelawù	ak:Tokelau	am:ቶክላው	ar:توكيلاو	ar-AE:توكيلاو	ar-BH:توكيلاو	ar-DJ:توكيلاو	ar-DZ:توكيلاو	ar-EG:توكيلاو	ar-EH:توكيلاو	ar-ER:توكيلاو	ar-IL:توكيلاو	ar-IQ:توكيلاو	ar-JO:توكيلاو	ar-KM:توكيلاو	ar-KW:توكيلاو	ar-LB:توكيلاو	ar-LY:توكيلاو
TL	af:Oos-Timor	af-NA:Oos-Timor	agq:Ês Taemò	ak:Timɔ Boka	am:ቲሞር ሌስቴ	ar:تيمور - ليشتي	ar-AE:تيمور - ليشتي	ar-BH:تيمور - ليشتي	ar-DJ:تيمور - ليشتي	ar-DZ:تيمور - ليشتي	ar-EG:تيمور - ليشتي	ar-EH:تيمور - ليشتي	ar-ER:تيمور - ليشتي	ar-IL:تيمور - ليشتي	ar-IQ:تيمور - ليشتي	ar-JO:تيمور - ليشتي	ar-KM:تيمور - ليشتي	ar-KW:تيمور - ليشتي	ar-LB:تيمور - ليشتي	ar-LY:تيمور - ليشتي
TM	af:Turkmenistan	af-NA:Turkmenistan	agq:Tekɨmènèsɨ̀tân	ak:Tɛkmɛnistan	am:ቱርክሜኒስታን	ar:تركمانستان	ar-AE:تركمانستان	ar-BH:تركمانستان	ar-DJ:تركمانستان	ar-DZ:تركمانستان	ar-EG:تركمانستان	ar-EH:تركمانستان	ar-ER:تركمانستان	ar-IL:تركمانستان	ar-IQ:تركمانستان	ar-JO:تركمانستان	ar-KM:تركمانستان	ar-KW:تركمانستان	ar-LB:تركمانستان	ar-LY:تركمانستان
TN	af:Tunisië	af-NA:Tunisië	agq:Tùneshìa	ak:Tunihyia	am:ቱኒዚያ	ar:تونس	ar-AE:تونس	ar-BH:تونس	ar-DJ:تونس	ar-DZ:تونس	ar-EG:تونس	ar-EH:تونس	ar-ER:تونس	ar-IL:تونس	ar-IQ:تونس	ar-JO:تونس	ar-KM:تونس	ar-KW:تونس	ar-LB:تونس	ar-LY:تونس
TO	af:Tonga	af-NA:Tonga	agq:Tuŋgà	ak:Tonga	am:ቶንጋ	ar:تونغا	ar-AE:تونغا	ar-BH:تونغا	ar-DJ:تونغا	ar-DZ:تونغا	ar-EG:تونغا	ar-EH:تونغا	ar-ER:تونغا	ar-IL:تونغا	ar-IQ:تونغا	ar-JO:تونغا	ar-KM:تونغا	ar-KW:تونغا	ar-LB:تونغا	ar-LY:تونغا
TR	af:Turkye	af-NA:Turkye	agq:Teekì	ak:Tɛɛki	am:ቱርክ	ar:تركيا	ar-AE:تركيا	ar-BH:تركيا	ar-DJ:تركيا	ar-DZ:تركيا	ar-EG:تركيا	ar-EH:تركيا	ar-ER:تركيا	ar-IL:تركيا	ar-IQ:تركيا	ar-JO:تركيا	ar-KM:تركيا	ar-KW:تركيا	ar-LB:تركيا	ar-LY:تركيا
TT	af:Trinidad en Tobago	af-NA:Trinidad en Tobago	agq:Tèlenedà à Tòbagù	ak:Trinidad ne Tobago	am:ትሪናዳድ እና ቶቤጎ	ar:ترينيداد وتوباغو	ar-AE:ترينيداد وتوباغو	ar-BH:ترينيداد وتوباغو	ar-DJ:ترينيداد وتوباغو	ar-DZ:ترينيداد وتوباغو	ar-EG:ترينيداد وتوباغو	ar-EH:ترينيداد وتوباغو	ar-ER:ترينيداد وتوباغو	ar-IL:ترينيداد وتوباغو	ar-IQ:ترينيداد وتوباغو	ar-JO:ترينيداد وتوباغو	ar-KM:ترينيداد وتوباغو	ar-KW:ترينيداد وتوباغو	ar-LB:ترينيداد وتوباغو	ar-LY:ترينيداد وتوباغو
TV	af:Tuvalu	af-NA:Tuvalu	agq:Tuwvalùw	ak:Tuvalu	am:ቱቫሉ	ar:توفالو	ar-AE:توفالو	ar-BH:توفالو	ar-DJ:توفالو	ar-DZ:توفالو	ar-EG:توفالو	ar-EH:توفالو	ar-ER:توفالو	ar-IL:توفالو	ar-IQ:توفالو	ar-JO:توفالو	ar-KM:توفالو	ar-KW:توفالو	ar-LB:توفالو	ar-LY:توفالو
TW	af:Taiwan	af-NA:Taiwan	agq:Taewàn	ak:Taiwan	am:ታይዋን	ar:تايوان	ar-AE:تايوان	ar-BH:تايوان	ar-DJ:تايوان	ar-DZ:تايوان	ar-EG:تايوان	ar-EH:تايوان	ar-ER:تايوان	ar-IL:تايوان	ar-IQ:تايوان	ar-JO:تايوان	ar-KM:تايوان	ar-KW:تايوان	ar-LB:تايوان	ar-LY:تايوان
TZ	af:Tanzanië	af-NA:Tanzanië	agq:Tàanzanyìa	ak:Tansania	am:ታንዛኒያ	ar:تنزانيا	ar-AE:تنزانيا	ar-BH:تنزانيا	ar-DJ:تنزانيا	ar-DZ:تنزانيا	ar-EG:تنزانيا	ar-EH:تنزانيا	ar-ER:تنزانيا	ar-IL:تنزانيا	ar-IQ:تنزانيا	ar-JO:تنزانيا	ar-KM:تنزانيا	ar-KW:تنزانيا	ar-LB:تنزانيا	ar-LY:تنزانيا
UA	af:Oekraïne	af-NA:Oekraïne	agq:Yùkɛ̀lɛ̂	ak:Ukren	am:ዩክሬን	ar:أوكرانيا	ar-AE:أوكرانيا	ar-BH:أوكرانيا	ar-DJ:أوكرانيا	ar-DZ:أوكرانيا	ar-EG:أوكرانيا	ar-EH:أوكرانيا	ar-ER:أوكرانيا	ar-IL:أوكرانيا	ar-IQ:أوكرانيا	ar-JO:أوكرانيا	ar-KM:أوكرانيا	ar-KW:أوكرانيا	ar-LB:أوكرانيا	ar-LY:أوكرانيا
UG	af:Uganda	af-NA:Uganda	agq:Yùgandà	ak:Yuganda	am:ዩጋንዳ	ar:أوغندا	ar-AE:أوغندا	ar-BH:أوغندا	ar-DJ:أوغندا	ar-DZ:أوغندا	ar-EG:أوغندا	ar-EH:أوغندا	ar-ER:أوغندا	ar-IL:أوغندا	ar-IQ:أوغندا	ar-JO:أوغندا	ar-KM:أوغندا	ar-KW:أوغندا	ar-LB:أوغندا	ar-LY:أوغندا
UM	af:Klein afgeleë eilande van die VSA	af-NA:Klein afgeleë eilande van die VSA	ak:U.S. Nkyɛnnkyɛn Supɔ Ahodoɔ	am:የዩ ኤስ ጠረፍ ላይ ያሉ ደሴቶች	ar:جزر الولايات المتحدة النائية	ar-AE:جزر الولايات المتحدة النائية	ar-BH:جزر الولايات المتحدة النائية	ar-DJ:جزر الولايات المتحدة النائية	ar-DZ:جزر الولايات المتحدة النائية	ar-EG:جزر الولايات المتحدة النائية	ar-EH:جزر الولايات المتحدة النائية	ar-ER:جزر الولايات المتحدة النائية	ar-IL:جزر الولايات المتحدة النائية	ar-IQ:جزر الولايات المتحدة النائية	ar-JO:جزر الولايات المتحدة النائية	ar-KM:جزر الولايات المتحدة النائية	ar-KW:جزر الولايات المتحدة النائية	ar-LB:جزر الولايات المتحدة النائية	ar-LY:جزر الولايات المتحدة النائية	ar-MA:جزر الولايات المتحدة النائية
UN	af:Verenigde Nasies	af-NA:Verenigde Nasies	ak:Amansan Nkabomkuo	am:የተባበሩት መንግስታት	ar:الأمم المتحدة	ar-AE:الأمم المتحدة	ar-BH:الأمم المتحدة	ar-DJ:الأمم المتحدة	ar-DZ:الأمم المتحدة	ar-EG:الأمم المتحدة	ar-EH:الأمم المتحدة	ar-ER:الأمم المتحدة	ar-IL:الأمم المتحدة	ar-IQ:الأمم المتحدة	ar-JO:الأمم المتحدة	ar-KM:الأمم المتحدة	ar-KW:الأمم المتحدة	ar-LB:الأمم المتحدة	ar-LY:الأمم المتحدة	ar-MA:الأمم المتحدة
US	af:Verenigde State van Amerika	af-NA:Verenigde State van Amerika	agq:USA	ak:Amɛrika	am:ዩናይትድ ስቴትስ	ar:الولايات المتحدة	ar-AE:الولايات المتحدة	ar-BH:الولايات المتحدة	ar-DJ:الولايات المتحدة	ar-DZ:الولايات المتحدة	ar-EG:الولايات المتحدة	ar-EH:الولايات المتحدة	ar-ER:الولايات المتحدة	ar-IL:الولايات المتحدة	ar-IQ:الولايات المتحدة	ar-JO:الولايات المتحدة	ar-KM:الولايات المتحدة	ar-KW:الولايات المتحدة	ar-LB:الولايات المتحدة	ar-LY:الولايات المتحدة
UY	af:Uruguay	af-NA:Uruguay	agq:Yulùgwɛ̂	ak:Yurugwae	am:ኡራጓይ	ar:أورغواي	ar-AE:أورغواي	ar-BH:أورغواي	ar-DJ:أورغواي	ar-DZ:أورغواي	ar-EG:أورغواي	ar-EH:أورغواي	ar-ER:أورغواي	ar-IL:أورغواي	ar-IQ:أورغواي	ar-JO:أورغواي	ar-KM:أورغواي	ar-KW:أورغواي	ar-LB:أورغواي	ar-LY:أوروغواي
UZ	af:Oesbekistan	af-NA:Oesbekistan	agq:Yùzɨ̀bɛkìsɨ̀tân	ak:Usbɛkistan	am:ኡዝቤኪስታን	ar:أوزبكستان	ar-AE:أوزبكستان	ar-BH:أوزبكستان	ar-DJ:أوزبكستان	ar-DZ:أوزبكستان	ar-EG:أوزبكستان	ar-EH:أوزبكستان	ar-ER:أوزبكستان	ar-IL:أوزبكستان	ar-IQ:أوزبكستان	ar-JO:أوزبكستان	ar-KM:أوزبكستان	ar-KW:أوزبكستان	ar-LB:أوزبكستان	ar-LY:أوزبكستان
VA	af:Vatikaanstad	af-NA:Vatikaanstad	agq:Vatikàn Sɨ̀tɛ̂	ak:Vatican Man	am:ቫቲካን ከተማ	ar:الفاتيكان	ar-AE:الفاتيكان	ar-BH:الفاتيكان	ar-DJ:الفاتيكان	ar-DZ:الفاتيكان	ar-EG:الفاتيكان	ar-EH:الفاتيكان	ar-ER:الفاتيكان	ar-IL:الفاتيكان	ar-IQ:الفاتيكان	ar-JO:الفاتيكان	ar-KM:الفاتيكان	ar-KW:الفاتيكان	ar-LB:الفاتيكان	ar-LY:الفاتيكان
VC	af:Sint Vincent en die Grenadine	af-NA:Sint Vincent en die Grenadine	agq:Sɛ̀n Vinsɨ̀n à Gɨlenadi Ù tē	ak:Saint Vincent ne Grenadines	am:ሴንት ቪንሴንት እና ግሬናዲንስ	ar:سانت فنسنت وجزر غرينادين	ar-AE:سانت فنسنت وجزر غرينادين	ar-BH:سانت فنسنت وجزر غرينادين	ar-DJ:سانت فنسنت وجزر غرينادين	ar-DZ:سانت فنسنت وجزر غرينادين	ar-EG:سانت فنسنت وجزر غرينادين	ar-EH:سانت فنسنت وجزر غرينادين	ar-ER:سانت فنسنت وجزر غرينادين	ar-IL:سانت فنسنت وجزر غرينادين	ar-IQ:سانت فنسنت وجزر غرينادين	ar-JO:سانت فنسنت وجزر غرينادين	ar-KM:سانت فنسنت وجزر غرينادين	ar-KW:سانت فنسنت وجزر غرينادين	ar-LB:سانت فنسنت وجزر غرينادين	ar-LY:سانت فنسنت وجزر غرينادين
VE	af:Venezuela	af-NA:Venezuela	agq:Vɛ̀nɛ̀zǔɛɛlà	ak:Venezuela	am:ቬንዙዌላ	ar:فنزويلا	ar-AE:فنزويلا	ar-BH:فنزويلا	ar-DJ:فنزويلا	ar-DZ:فنزويلا	ar-EG:فنزويلا	ar-EH:فنزويلا	ar-ER:فنزويلا	ar-IL:فنزويلا	ar-IQ:فنزويلا	ar-JO:فنزويلا	ar-KM:فنزويلا	ar-KW:فنزويلا	ar-LB:فنزويلا	ar-LY:فنزويلا
VG	af:Britse Maagde-eilande	af-NA:Britse Maagde-eilande	agq:Chwɨlà m̀ Vidzinyìa m̀ Bɨ̀letì mò	ak:Ngresifoɔ Virgin Island	am:የእንግሊዝ ቨርጂን ደሴቶች	ar:جزر فيرجن البريطانية	ar-AE:جزر فيرجن البريطانية	ar-BH:جزر فيرجن البريطانية	ar-DJ:جزر فيرجن البريطانية	ar-DZ:جزر فيرجن البريطانية	ar-EG:جزر فيرجن البريطانية	ar-EH:جزر فيرجن البريطانية	ar-ER:جزر فيرجن البريطانية	ar-IL:جزر فيرجن البريطانية	ar-IQ:جزر فيرجن البريطانية	ar-JO:جزر فيرجن البريطانية	ar-KM:جزر فيرجن البريطانية	ar-KW:جزر فيرجن البريطانية	ar-LB:جزر فيرجن البريطانية	ar-LY:جزر فيرجن البريطانية
VI	af:VSA se Maagde-eilande	af-NA:VSA se Maagde-eilande	agq:U. S. Chwɨlà fɨ Mbuʔmbu	ak:Amɛrika Virgin Islands	am:የአሜሪካ ቨርጂን ደሴቶች	ar:جزر فيرجن الأمريكية	ar-AE:جزر فيرجن الأمريكية	ar-BH:جزر فيرجن الأمريكية	ar-DJ:جزر فيرجن الأمريكية	ar-DZ:جزر فيرجن الأمريكية	ar-EG:جزر فيرجن الأمريكية	ar-EH:جزر فيرجن الأمريكية	ar-ER:جزر فيرجن الأمريكية	ar-IL:جزر فيرجن الأمريكية	ar-IQ:جزر فيرجن الأمريكية	ar-JO:جزر فيرجن الأمريكية	ar-KM:جزر فيرجن الأمريكية	ar-KW:جزر فيرجن الأمريكية	ar-LB:جزر فيرجن الأمريكية	ar-LY:جزر فيرجن الأمريكية
VN	af:Viëtnam	af-NA:Viëtnam	agq:Vìyɛnàm	ak:Viɛtnam	am:ቬትናም	ar:فيتنام	ar-AE:فيتنام	ar-BH:فيتنام	ar-DJ:فيتنام	ar-DZ:فيتنام	ar-EG:فيتنام	ar-EH:فيتنام	ar-ER:فيتنام	ar-IL:فيتنام	ar-IQ:فيتنام	ar-JO:فيتنام	ar-KM:فيتنام	ar-KW:فيتنام	ar-LB:فيتنام	ar-LY:فيتنام
VU	af:Vanuatu	af-NA:Vanuatu	agq:Vànǔatùw	ak:Vanuatu	am:ቫኑአቱ	ar:فانواتو	ar-AE:فانواتو	ar-BH:فانواتو	ar-DJ:فانواتو	ar-DZ:فانواتو	ar-EG:فانواتو	ar-EH:فانواتو	ar-ER:فانواتو	ar-IL:فانواتو	ar-IQ:فانواتو	ar-JO:فانواتو	ar-KM:فانواتو	ar-KW:فانواتو	ar-LB:فانواتو	ar-LY:فانواتو
WF	af:Wallis en Futuna	af-NA:Wallis en Futuna	agq:Wales à Fùwtuwnà	ak:Wallis ne Futuna	am:ዋሊስ እና ፉቱና ደሴቶች	ar:جزر والس وفوتونا	ar-AE:جزر والس وفوتونا	ar-BH:جزر والس وفوتونا	ar-DJ:جزر والس وفوتونا	ar-DZ:جزر والس وفوتونا	ar-EG:جزر والس وفوتونا	ar-EH:جزر والس وفوتونا	ar-ER:جزر والس وفوتونا	ar-IL:جزر والس وفوتونا	ar-IQ:جزر والس وفوتونا	ar-JO:جزر والس وفوتونا	ar-KM:جزر والس وفوتونا	ar-KW:جزر والس وفوتونا	ar-LB:جزر والس وفوتونا	ar-LY:جزر والس وفوتونا
WS	af:Samoa	af-NA:Samoa	agq:Sàmowà	ak:Samoa	am:ሳሞአ	ar:ساموا	ar-AE:ساموا	ar-BH:ساموا	ar-DJ:ساموا	ar-DZ:ساموا	ar-EG:ساموا	ar-EH:ساموا	ar-ER:ساموا	ar-IL:ساموا	ar-IQ:ساموا	ar-JO:ساموا	ar-KM:ساموا	ar-KW:ساموا	ar-LB:ساموا	ar-LY:ساموا
XA	af:Pseudoaksente	af-NA:Pseudoaksente	ak:Anto Kasa	am:የሀሰት ትእምርት	ar:لكنات تجريبية غير أصلية	ar-AE:لكنات تجريبية غير أصلية	ar-BH:لكنات تجريبية غير أصلية	ar-DJ:لكنات تجريبية غير أصلية	ar-DZ:لكنات تجريبية غير أصلية	ar-EG:لكنات تجريبية غير أصلية	ar-EH:لكنات تجريبية غير أصلية	ar-ER:لكنات تجريبية غير أصلية	ar-IL:لكنات تجريبية غير أصلية	ar-IQ:لكنات تجريبية غير أصلية	ar-JO:لكنات تجريبية غير أصلية	ar-KM:لكنات تجريبية غير أصلية	ar-KW:لكنات تجريبية غير أصلية	ar-LB:لكنات تجريبية غير أصلية	ar-LY:لكنات تجريبية غير أصلية	ar-MA:لكنات تجريبية غير أصلية
XB	af:Pseudotweerigting	af-NA:Pseudotweerigting	ak:Anto Bidi	am:የሀሰት ባለሁለት አቅጣጫ	ar:لكنات تجريبية ثنائية الاتجاه	ar-AE:لكنات تجريبية ثنائية الاتجاه	ar-BH:لكنات تجريبية ثنائية الاتجاه	ar-DJ:لكنات تجريبية ثنائية الاتجاه	ar-DZ:لكنات تجريبية ثنائية الاتجاه	ar-EG:لكنات تجريبية ثنائية الاتجاه	ar-EH:لكنات تجريبية ثنائية الاتجاه	ar-ER:لكنات تجريبية ثنائية الاتجاه	ar-IL:لكنات تجريبية ثنائية الاتجاه	ar-IQ:لكنات تجريبية ثنائية الاتجاه	ar-JO:لكنات تجريبية ثنائية الاتجاه	ar-KM:لكنات تجريبية ثنائية الاتجاه	ar-KW:لكنات تجريبية ثنائية الاتجاه	ar-LB:لكنات تجريبية ثنائية الاتجاه	ar-LY:لكنات تجريبية ثنائية الاتجاه	ar-MA:لكنات تجريبية ثنائية الاتجاه
XK	af:Kosovo	af-NA:Kosovo	ak:Kosovo	am:ኮሶቮ	ar:كوسوفو	ar-AE:كوسوفو	ar-BH:كوسوفو	ar-DJ:كوسوفو	ar-DZ:كوسوفو	ar-EG:كوسوفو	ar-EH:كوسوفو	ar-ER:كوسوفو	ar-IL:كوسوفو	ar-IQ:كوسوفو	ar-JO:كوسوفو	ar-KM:كوسوفو	ar-KW:كوسوفو	ar-LB:كوسوفو	ar-LY:كوسوفو	ar-MA:كوسوفو
YE	af:Jemen	af-NA:Jemen	agq:Yɛmɛ̀n	ak:Yɛmɛn	am:የመን	ar:اليمن	ar-AE:اليمن	ar-BH:اليمن	ar-DJ:اليمن	ar-DZ:اليمن	ar-EG:اليمن	ar-EH:اليمن	ar-ER:اليمن	ar-IL:اليمن	ar-IQ:اليمن	ar-JO:اليمن	ar-KM:اليمن	ar-KW:اليمن	ar-LB:اليمن	ar-LY:اليمن
YT	af:Mayotte	af-NA:Mayotte	agq:Màyotì	ak:Mayɔte	am:ሜይኦቴ	ar:مايوت	ar-AE:مايوت	ar-BH:مايوت	ar-DJ:مايوت	ar-DZ:مايوت	ar-EG:مايوت	ar-EH:مايوت	ar-ER:مايوت	ar-IL:مايوت	ar-IQ:مايوت	ar-JO:مايوت	ar-KM:مايوت	ar-KW:مايوت	ar-LB:مايوت	ar-LY:مايوت
ZA	af:Suid-Afrika	af-NA:Suid-Afrika	agq:Afɨlekà ghɨ Emàm ghò	ak:Abibirem Anaafoɔ	am:ደቡብ አፍሪካ	ar:جنوب أفريقيا	ar-AE:جنوب أفريقيا	ar-BH:جنوب أفريقيا	ar-DJ:جنوب أفريقيا	ar-DZ:جنوب أفريقيا	ar-EG:جنوب أفريقيا	ar-EH:جنوب أفريقيا	ar-ER:جنوب أفريقيا	ar-IL:جنوب أفريقيا	ar-IQ:جنوب أفريقيا	ar-JO:جنوب أفريقيا	ar-KM:جنوب أفريقيا	ar-KW:جنوب أفريقيا	ar-LB:جنوب أفريقيا	ar-LY:جنوب أفريقيا
ZM	af:Zambië	af-NA:Zambië	agq:Zambìa	ak:Zambia	am:ዛምቢያ	ar:زامبيا	ar-AE:زامبيا	ar-BH:زامبيا	ar-DJ:زامبيا	ar-DZ:زامبيا	ar-EG:زامبيا	ar-EH:زامبيا	ar-ER:زامبيا	ar-IL:زامبيا	ar-IQ:زامبيا	ar-JO:زامبيا	ar-KM:زامبيا	ar-KW:زامبيا	ar-LB:زامبيا	ar-LY:زامبيا
ZW	af:Zimbabwe	af-NA:Zimbabwe	agq:Zìmbagbɛ̀	ak:Zimbabue	am:ዚምቧቤ	ar:زيمبابوي	ar-AE:زيمبابوي	ar-BH:زيمبابوي	ar-DJ:زيمبابوي	ar-DZ:زيمبابوي	ar-EG:زيمبابوي	ar-EH:زيمبابوي	ar-ER:زيمبابوي	ar-IL:زيمبابوي	ar-IQ:زيمبابوي	ar-JO:زيمبابوي	ar-KM:زيمبابوي	ar-KW:زيمبابوي	ar-LB:زيمبابوي	ar-LY:زيمبابوي
ZZ	af:Onbekende gebied	af-NA:Onbekende gebied	ak:Mantam a Yɛnnim	am:ያልታወቀ ክልል	ar:منطقة غير معروفة	ar-AE:منطقة غير معروفة	ar-BH:منطقة غير معروفة	ar-DJ:منطقة غير معروفة	ar-DZ:منطقة غير معروفة	ar-EG:منطقة غير معروفة	ar-EH:منطقة غير معروفة	ar-ER:منطقة غير معروفة	ar-IL:منطقة غير معروفة	ar-IQ:منطقة غير معروفة	ar-JO:منطقة غير معروفة	ar-KM:منطقة غير معروفة	ar-KW:منطقة غير معروفة	ar-LB:منطقة غير معروفة	ar-LY:منطقة غير معروفة	ar-MA:منطقة غير معروفة
